f,,,,,,,,,,,,,,,,,,,,,,,,,,,,,,,,,,,,,,,,,,,,,,,,,,,,,,,,,,,,,,,,,,,,,,,,,,,,,,,,,,,,,,,,,,,,,,,,,,,,,,,,,,,,,,,,,,,,,,,,,,,,,,,,,,,,,,,,,,,,,,,,,,,,,,,,,,,,,,,,,,,,,,,,,,,,,,,,,,,,,,,,,,,,,,,,,,,,,,,,,,,,,,,,,,,,
Infrastructure,,,,,,,,,APM,,,,,,,,,Logs /Spans,,,,,,,,,,,Flex Logs,,,,,,,,,,,,Synthetics,,,,,,,,,Network Monitoring,,,,,,,,,Real User Monitoring,,,,,,,,,Serverless,,,,,,,,,CoScreen Enterprise,,,,,,,,,Cloud SIEM,,,,,,,,,Cloud Security Management,,,,,,,,,Database Monitoring ,,,,,,,,,CI Pipeline / Visibility,,,,,,,,,Sensitive Data Scanner,,,,,,,,,Audit Trail,,,,,Observability Pipelines,,,,,,,,,Cloud Cost Management,,,,,,,,,Standalone Cloudcraft,,,,,,,,,Error Tracking,,,,,,Service Management,,,,,,,,,Software Delivery,,,,,,,,,AI Observability,,,,,,,,,AI,,,,,,,,,Data Observability,,,,,,,
Pro,M2M,M2M/Manager,M2M/Director,Annual,Annual/ Manager,Annual/ Director,On-Demand,,APM Hosts,M2M,M2M/Manager,M2M/Director,Annual,Annual/ Manager,Annual/ Director,On-Demand,,Annual                         (Price per Million Events),Tier Volume,3 Day,7 Day,15 Day,30 Day,45 Day,60 Day,90 Day,180 Day,,Flex Logs Compute (Price per Compute per month),M2M,M2M/RRep,M2M/Manager,M2M/Director,Annual,Annual/ Rep,Annual/ Manager,Annual/ Director,On-Demand,,,Calculator For Synthetic Monitoring,,,,,,,,,"Cloud Network Monitoring - CNM
(previously knowns as Network Performance Monitoring (NPM))",M2M,M2M/Manager,M2M/Director,Annual,Annual/ Manager,Annual/ Director,On-Demand,,RUM Investigate,,,,,,,,,Serverless Workload (Functions) - per Function,M2M,M2M/Manager,M2M/Director,Annual,Annual/Manager,Annual/Director,On-Demand,,CoScreen Seats,M2M,M2M/Manager,M2M/Director,Annual,Annual/ Manager,Annual/ Director,On-Demand,,"Cloud SIEM Indexed (15 months)
 ($ per M)",M2M,M2M/Manager,M2M/Director,Annual,Annual/ Manager,Annual/ Director,On-Demand,,CSM Pro Hosts,M2M,M2M/Manager,M2M/Director,Annual,Annual/Manager,Annual/Director,On-Demand,,Database Monitoring Hosts,M2M,M2M/Manager,M2M/Director,Annual,Annual/ Manager,Annual/ Director,On-Demand,,Pipeline Visibility,M2M,M2M/Manager,M2M/Director,Annual,Annual/ Manager,Annual/ Director,On-Demand,,Sensitive Data Scanner,M2M,M2M/Manager,M2M/Director,Annual,Annual/ Manager,Annual/ Director,On-Demand,,,M2M,Annual,On-Demand,,Observability Pipelines - per Ingested GB,M2M,Annual,On-Demand,,,,,,CCM,M2M,M2M/Manager,M2M/Director,Annual,Annual/ Manager,Annual/ Director,On-Demand,,Cloudcraft Pro,M2M,M2M/Manager,M2M/Director,Annual,Annual/ Manager,Annual/ Director,On-Demand,,"- Min 50k Error Tracking at the flat rate of $25(Annual)/$30(M2M) per month or $36 on-demand. 
- For commited marketplace (except drawdown) customer, please check the NonGA tab for Error Tracking pricing.
- (Blended Rate) For monthly error volumes over 50k, the cost per 1,000 errors will be billed as follows:",,,,,,Workflow Automation,,,,,,,,,"Static Code Analysis (SAST)/ Static Software Composition Analysis (SCA) 
(Standalone SKU)",,,,,,,,,LLM Observability,,,,,,,,,Bits AI SRE Investigations,,,,,,,,,Data Observability: Jobs Monitoring (Clusters),,,,,,,
1-99,$18.00 ,$18.00,$18.00,$15.00 ,$15.00 ,$15.00 ,Monthly,,1-99,$36.00,$36.00,$36.00,$31.00,$31.00,$31.00,Monthly,,Rep Level,<1.2B,$1.06,$1.27,$1.70,$2.50,$3.30,$4.10,$5.70,$10.50,,Extra Small,"$12,000","$11,400","$11,040","$10,800","$10,000","$9,500","$9,200","$9,000","$15,000",,,API Tests/$ per 10K Tests,M2M,M2M/Manager,M2M/Director,Annual,Annual/ Manager,Annual/ Director,On-Demand,,1-99,$6.00,$6.00,$6.00,$5.00,$5.00,$5.00,Monthly,,RUM Investigate (Bundle of 1K),M2M,M2M/Manager,M2M/Director,Annual,Annual/Manager,Annual/Director,On-demand,,1-249,$6.00,$6.00,$6.00,$5.00,$5.00,$5.00,Per Unit,,20-99,NA,,,$20.00,$20.00,$20.00,Monthly,,<1.2B,$6.00,$6.00,$6.00,$5.00,$5.00,$5.00,$7.50,,1-99,$12.00,$12.00,$12.00,$10.00,$10.00,$10.00,Monthly,,1-9,$84.00,$84.00,$84.00,$70.00,$70.00,$70.00,Monthly,,1-99,$9.60 ,$9.60 ,$9.60 ,$8.00 ,$8.00 ,$7.60 ,Monthly,,"< 50,000 GB",$0.36,$0.32 ,$0.30 ,$0.30 ,$0.27 ,$0.25 ,Per GB,,,2% of all fees,2% of all fees,3% of all fees,,"< 999,999 GB",$0.100,$0.095,Per Unit,,,,,,1-99,$9.00,$9.00 ,$9.00 ,$7.50 ,$7.50 ,$7.50 ,Monthly,,1- 14,$99.00,$99.00 ,$99.00 ,$40.83 ,$40.83 ,$40.83 ,NA,,"Error Tracking 
(per 1K errors)",M2M,Annual,On-Demand,,,Workflows - per 100 executions,M2M,M2M/Manager,M2M/Director,Annual,Annual/ Manager,Annual/ Director,On-Demand,,"Static Code Analysis (SAST)/ Static Software Composition Analysis (SCA) 
(Standalone SKU)",M2M,M2M/Manager,M2M/Director,Annual,Annual/ Manager,Annual/ Director,On-Demand,,LLM Observability (Bundle of 10K),M2M,M2M/Manager,M2M/Director,Annual,Annual/ Manager,Annual/ Director,On-Demand,,Bundle of 20 investigations ,M2M,M2M/Manager,M2M/Director,Annual,Annual/ Manager,Annual/ Director,On-Demand,,Host Hours [DJM],M2M,M2M/Manager,M2M/Director,Annual,Annual/ Manager,Annual/ Director,On-Demand
100-499,$18.00 ,$17.30 ,$16.90 ,$15.00 ,$14.40 ,$14.10 ,$18.00 ,,100-499,$36.00,$34.40,$33.80,$31.00,$29.50,$29.20,$36.00,,,1.2B-2.9B,$1.06,$1.27,$1.70,$2.50,$3.30,$4.10,$5.70,$10.50,,Small,"$42,000","$39,900","$38,640","$37,800","$35,000","$33,250","$32,200","$31,500","$52,500",,,1-99K,$6.00,$6.00,$6.00,$5.00,$5.00,$5.00,Per 10K Tests,,100-499,$6.00,$5.76,$5.63,$5.00,$4.81,$4.68,$7.20,,1K-999K,$3.60,$3.60,$3.60,$3.00,$3.00,$3.00,$4.50,,250-999,$6.00,$5.80,$5.40,$5.00,$4.75,$4.50,$7.20,,100-199,,,,$19.00,$18.50,$17.75,$30.00,,1.2B-2.9B,$4.50,$3.87,$3.75,$3.75,$3.22,$3.12,,,100-499,$11.80,$11.59,$11.14,$9.83,$9.28,$8.66,$12.00,,10-49,$84.00,$81.20,$75.60,$70.00,$67.67,$63.00,$84.00,,100-199,$9.40 ,$8.70 ,$8.00 ,$7.80 ,$7.30 ,$6.70 ,$12.00,,"50,000 GB - 149,999 GB",$0.32,$0.29 ,$0.27 ,$0.27 ,$0.24 ,$0.22 ,$0.45,,,,,,,"1000,000 GB - 1,999,999 GB",$0.095,$0.090,$0.12,,,,,,100-499,$9.00,$8.70 ,$8.10 ,$7.50 ,$7.25 ,$6.75 ,$10.80,,15-24,$99.00,$99.00 ,$99.00 ,$40.00 ,$38.00 ,$35.00 ,,,50K,$30.00,$25.00,$36.00,,,1 - 999,$12.00,$12.00 ,$12.00 ,$10.00 ,$10.00 ,$10.00 ,$14.00 ,,1-99,$30.00,$30.00,$30.00,$25.00,$25.00,$23.75,$36.00,,100K-499K,$10.00,$8.89,$8.33,$8.00,$8.00,$8.00,Per 10K Requests ,,20-100,$600.00,$600.00,$600.00,$500.00,$500.00,$500.00,$720.00,,"1-49,999",$0.060 ,$0.060 ,$0.060 ,$0.050 ,$0.050 ,$0.050 ,$0.072 
500-999,$17.60 ,$16.60 ,$15.90 ,$14.60 ,$13.80 ,$13.20 ,Hourly,,500-999,$34.30,$32.90,$31.70,$29.35,$28.10,$27.50,Hourly,,,3B-5.9B,$1.01,$1.21,$1.62,$2.38,$3.14,$3.90,$5.42,$9.98,,Medium,"$90,000","$85,500","$82,800","$81,000","$75,000","$71,250","$69,000","$67,500","$112,500",,,100K-499K,$6.00,$6.00,$5.00,$5.00,$4.50,$4.50,$7.20,,500-999,$5.85,$5.53,$5.29,$4.88,$4.63,$4.39,Hourly,,1M - 2.499M,$3.60,$3.40,$3.36,$3.00,$2.82,$2.79,,,"1,000-4,999",$5.80,$5.60,$4.80,$4.75,$4.50,$4.00,Hourly (Marketplace Only),,200-499,,,,$18.25,$17.75,$16.75,,,3B-5.9B,$3.89,$3.32,$3.12,$3.24,$2.77,$2.60,,,500-999,$11.60,$11.19,$10.34,$9.66,$8.62,$7.50,Hourly,,50-99,$81.20,$78.40,$67.20,$67.67,$65.33,$56.00,Hourly,,200-499,$8.70 ,$8.40 ,$7.70 ,$7.20 ,$7.00 ,$6.50 ,,,"150,000 GB - 249,999 GB",$0.28,$0.26 ,$0.23 ,$0.24 ,$0.21 ,$0.18 ,,,,,,,,"2000,000 GB - 2,999,999 GB",$0.090,$0.085,,,,,,,500-999,$8.70,$8.40 ,$7.20 ,$7.25 ,$7.00 ,$6.00 ,"Hourly
(Marketplace only)",,25-49,$99.00,$99.00 ,$99.00 ,$38.00 ,$36.00 ,$33.00 ,,,51K-100K,$0.30,$0.25,$0.38,,,1k - 4.99k,$12.00,$11.32 ,$11.22 ,$10.00 ,$9.42 ,$9.28 ,Hourly,,100-199,$29.38,$27.19,$25.00,$24.38,$22.81,$20.94,,,500K-999K,$8.89,$8.06,$7.50,$7.20,$6.40,$5.87,$12.00,,101-200,$600.00,$576.18,$562.07,$500.00,$480.15,$468.39,On-demand usage is billed per individual investigation.,,"50,000-99,999",$0.057 ,$0.055 ,$0.053 ,$0.047 ,$0.045 ,$0.044 ,
"1,000-1,999",$17.10 ,$15.90 ,$14.90 ,$14.30 ,$13.30 ,$12.40 ,$0.03 ,,"1,000-1,999",$32.50,$31.45,$29.80,$27.80,$26.80,$25.90,$0.06,,,6B-9.9B,$0.95,$1.14,$1.53,$2.25,$2.97,$3.69,$5.13,$9.45,,Large,"$180,000","$171,000","$165,600","$162,000","$150,000","$142,500","$138,000","$135,000","$225,000",,,500K-999K,$6.00,$5.00,$4.50,$4.50,$4.30,$4.00,,,"1,000-1,999",$5.71,$5.31,$4.97,$4.76,$4.45,$4.11,$0.012 ,,2.5M - 4.999M,$3.39,$3.18,$3.12,$2.82,$2.63,$2.58,,,"5,000 - 9,999",$5.60,$4.80,$4.20,$4.50,$4.00,$3.50,$0.012,,500-999,,,,$17.50,$17.00,$16.00,,,6B-9.9B,$3.36,$2.86,$2.60,$2.80,$2.38,$2.16,,,"1,000+",$11.40,$10.80,$9.60,$9.50,$8.00,$6.50,$0.02,,100-199,$81.20,$72.80,$64.40,$67.67,$60.67,$53.67,$0.14,,500-999,$8.00 ,$7.70 ,$7.40 ,$6.70 ,$6.50 ,$6.20 ,,,"250,000 GB - 349,999 GB",$0.25,$0.23 ,$0.20 ,$0.21 ,$0.18 ,$0.15 ,,,,,,,,"3000,000 GB - 3,999,999 GB",$0.085,$0.080,,,,,,,"1,000-1,999",$8.70,$7.80 ,$6.90 ,$7.25 ,$6.50 ,$5.75 ,$0.015,,50 - 99,$99.00,$99.00 ,$99.00 ,$35.00 ,$35.00 ,$32.00 ,,,100K-500K,$0.25,$0.21,$0.32,,,5k - 9.99k,$11.42,$10.67 ,$10.49 ,$9.50 ,$8.87 ,$8.61 ,N/A,,200-499,$27.19,$26.25,$24.06,$22.50,$21.88,$20.31,,,1M-1.99M,$7.78,$7.22,$6.39,$6.40,$5.60,$4.80,,,201-500,$586.48,$553.30,$526.53,$488.73,$461.08,$438.78,,,"100,000-299,999",$0.054 ,$0.052 ,$0.050 ,$0.045 ,$0.043 ,$0.042 ,
"2,000-3,999",$16.70 ,$15.30 ,$14.00 ,$13.90 ,$12.75 ,$11.70 ,,,"2,000-4,999",$30.90,$30.10,$28.00,$26.30,$25.50,$24.35,,,,10B-14.9B,$0.90,$1.08,$1.45,$2.13,$2.81,$3.49,$4.85,$8.93,,,,,,,,,,,,,,1M-2.49M,$5.50,$4.50,$4.00,$4.00,$3.80,$3.60,,,"2,000-3,999",$5.57,$5.10,$4.67,$4.64,$4.29,$3.85,,,5M - 7.499M,$3.18,$2.97,$2.88,$2.63,$2.45,$2.37,,,"10,000 - 14,999",$5.40,$4.40,$3.90,$4.30,$3.70,$3.25,,,"1,000+",,,,$17.00,$16.50,$15.50,,,10B-14.9B,$2.90,$2.46,$2.16,$2.42,$2.05,$1.80,,,"Any opportunities of 1,000 or more hosts, please reach out to Deal Desk",,,,,,,,,200-399,$78.40,$67.20,$58.80,$65.33,$56.00,$49.00,,,"1,000-1,999",$7.40 ,$7.20 ,$7.10 ,$6.20 ,$6.10 ,$5.90 ,,,"350,000 GB - 499,999 GB",$0.22,$0.20 ,$0.16 ,$0.18 ,$0.15 ,$0.13 ,,,,,,,,"4000,000 GB - 4,999,999 GB",$0.080,$0.075,,,,,,,"2,000-3,999",$8.40,$7.20 ,$6.30 ,$7.00 ,$6.00 ,$5.25 ,,,100-199,$99.00,$99.00 ,$99.00 ,$31.00 ,$30.00 ,$29.00 ,,,500K-10M,$0.20,$0.17,$0.26,,,10k - 24.99k,$10.87,$10.06 ,$9.80 ,$9.03 ,$8.36 ,$7.99 ,,,500-999,$25.00,$24.06,$23.13,$20.94,$20.31,$19.38,,,2M-3.99M,$6.94,$6.39,$5.56,$5.60,$4.80,$4.00,,,501-1000,$573.27,$531.33,$493.24,$477.72,$442.78,$411.04,,,"300,000-599,999",$0.052 ,$0.050 ,$0.047 ,$0.042 ,$0.041 ,$0.039 ,
"4,000-6,999",$16.30 ,$14.70 ,$13.15 ,$13.60 ,$12.25 ,$10.95 ,,,"5,000-9,999",$29.40,$28.70,$26.30,$24.90,$24.30,$22.90,,,,15B-22.49B,$0.85,$1.02,$1.36,$2.00,$2.64,$3.28,$4.56,$8.40,,Flex Logs Storage (Price per 1M stored per Month),M2M,Annual,On-Demand,,,,,,,,,2.5M-9.9M,$5.50,$4.00,$3.60,$3.60,$3.40,$3.20,,,"4,000-6,999",$5.43,$4.90,$4.38,$4.53,$4.12,$3.61,,,7.5M - 9.999M,$2.96,$2.75,$2.64,$2.44,$2.26,$2.17,,,"15,000 +",$5.20,$4.15,$3.65,$4.10,$3.50,$3.05,,,Min 20 seats,,,,,,,,,15B +,$2.51,$2.11,$1.80,$2.09,$1.76,$1.50,,,CSM Pro Containers,M2M,M2M/Manager,M2M/Director,Annual,Annual/Manager,Annual/Director,On-Demand,,400-699,$78.40,$64.40,$56.00,$65.33,$53.67,$46.67,,,"2,000+",$7.10 ,$6.80 ,$6.10 ,$5.90 ,$5.70 ,$5.20 ,,,"500,000 GB - 999,999 GB",$0.19,$0.17 ,$0.13 ,$0.15 ,$0.12 ,$0.10 ,,,,,,,,"5000,000 GB - 5,999,999 GB",$0.075,$0.070,,,,,,,"4,000-6,999",$8.40,$6.90 ,$6.00 ,$7.00 ,$5.75 ,$5.00 ,,,,,,,,,,,,10M-20M,$0.14,$0.12,$0.22,,,25k -49.99k,$10.35,$9.49 ,$9.17 ,$8.58 ,$7.87 ,$7.42 ,,,"1,000-1,999",$23.13,$22.50,$22.19,$19.38,$19.06,$18.44,,,4M-6.99M,$6.11,$5.56,$4.44,$4.80,$4.00,$3.47,,,1001-2000,$560.35,$510.23,$462.06,$466.96,$425.20,$385.05,,,"600,000-999,999",$0.049 ,$0.048 ,$0.044 ,$0.040 ,$0.039 ,$0.037 ,
"7,000-9,999",$15.90 ,$14.10 ,$12.30 ,$13.25 ,$11.80 ,$10.30 ,,,"10,000-14,999",$26.60,$26.30,$23.10,$22.30,$22.05,$20.30,,,,22.5B-29.9B,$0.82,$0.98,$1.32,$1.94,$2.56,$3.18,$4.42,$8.14,,,$0.06,$0.05,$0.075,,,,,,,,,10M-19.9M,$5.00,$3.60,$3.20,$3.20,$3.00,$2.75,,,"7,000-9,999",$5.30,$4.70,$4.11,$4.42,$3.97,$3.38,,,10M - 24.999M,$2.74,$2.53,$2.40,$2.24,$2.07,$1.96,,,,,,,,,,,,,,,,,,,,,,,,,,,,,,1-999,$0.50,$0.50,$0.50,$0.50,$0.50,$0.50,Hourly,,700-999,$75.60,$61.60,$52.50,$63.00,$51.33,$44.33,,,,,,,,,,,,"1,000,000 GB - 1,999,999 GB",$0.16,$0.14,$0.11,$0.13,$0.10 ,$0.08 ,,,,,,,,"6,000,000 GB - 6,999,999 GB",$0.070,$0.065,,,,,,,"7,000-9,999",$8.10,$6.60,$5.63,$6.75,$5.50 ,$4.75 ,,,Cloudcraft Enterprise,M2M,M2M/Manager,M2M/Director,Annual,Annual/ Manager,Annual/ Director,On-Demand,,20M+,$0.12,$0.10,$0.18,,,50k - 99.99k,$9.85,$8.95,$8.57,$8.16 ,$7.42 ,$6.88 ,,,"2,000+",$22.19,$21.25,$19.06,$18.44,$17.81,$16.25,,,7M-10.99M,$5.28,$4.72,$3.61,$4.00,$3.20,$2.67,,,2001+,$547.72,$489.98,$432.85,$456.44,$408.31,$360.71,,,"1,000,000-1,999,999",$0.044 ,$0.044 ,$0.039 ,$0.036 ,$0.036 ,$0.033 ,
"10,000-14,999",$15.50 ,$13.55 ,$11.60 ,$12.90 ,$11.30 ,$9.70 ,,,"15,000+",$24.00,$22.56,$20.40,$20.00,$19.20,$18.00,,,,30B-59.9B,$0.80,$0.95,$1.28,$1.88,$2.48,$3.08,$4.28,$7.88,,,,,,,,,,,,,,20M-49.9M,$4.50,$3.20,$2.75,$3.00,$2.75,$2.25,,,"10,000-14,999",$5.04,$4.34,$3.63,$4.20,$3.67,$2.96,,,25M - 49.999M,$2.52,$2.31,$2.16,$2.05,$1.88,$1.76,,,Serverless Functions APM,M2M,M2M/Manager,M2M/Director,Annual,Annual/Manager,Annual/Director,On-Demand,,,,,,,,,,,"Cloud SIEM - Flex Logs Add On
 (per M)",M2M,M2M/Manager,M2M/Director,Annual,Annual/ Manager,Annual/ Director,On-Demand,,"1,000-2,499",$0.47,$0.47,$0.45,$0.47,$0.46,$0.45,$0.001,,"1,000-1,499",$72.80,$58.80,$50.40,$60.67,$49.00,$42.00,,,Test Optimization,M2M,M2M/Manager,M2M/Director,Annual,Annual/ Manager,Annual/ Director,On-Demand,,"2,000,000 GB - 2,999,999 GB",$0.13,$0.11,$0.09,$0.11,$0.08 ,$0.06 ,,,,,,,,"7,000,000 GB - 7,999,999 GB",$0.065,$0.060,,,,,,,"10,000-14,999",$7.80,$6.30,$5.40,$6.50,$5.25 ,$4.50 ,,,1- 14,$120.00,$120.00 ,$120.00 ,$100.00 ,$100.00 ,$100.00 ,NA,,Calculator for Blended Rate,,,,,,100k - 499.99k,$9.38,$8.44,$8.01,$7.75,$6.99 ,$6.39 ,,,,,,,,,,,,11M-19.99M,$4.44,$3.89,$3.06,$3.47,$2.67,$2.13,,,"Any opportunities of 3,000 above, please reach out to deal desk",,,,,,,,,"2,000,000+",$0.040 ,$0.038 ,$0.034 ,$0.032 ,$0.031 ,$0.029 ,
"15,000 - 24,999",$15.10 ,$13.00 ,$10.90 ,$12.60 ,$10.80 ,$9.10 ,,,,,,,,,,,,,60B-99.9B,$0.77,$0.92,$1.23,$1.81,$2.39,$2.97,$4.13,$7.61,,"Flex Logs Starter (Price per 1M stored per month, retention options for 6, 12 or 15 months)",M2M,Annual,On-Demand,,,,,,,,,50M-99.9M,$4.00,$3.00,$2.25,$2.75,$2.40,$1.80,,,"15,000+",$4.80,$4.00,$3.20,$4.00,$3.40,$2.60,,,50M - 74.999M,$2.30,$2.08,$1.92,$1.86,$1.69,$1.56,,,1 - 49M,$12.00,$12.00,$12.00,$10.00,$10.00,$10.00,Per Unit,,,,,,,,,,,"<10,000 M",$3.00,$3.00,$3.00,$2.50,$2.50,$2.50,$3.75,,"2,500-4,999",$0.45,$0.43,$0.41,$0.45,$0.42,$0.41,,,"1,500-3,000",$67.20,$56.00,$47.60,$56.00,$46.67,$39.67,,,1-99,$24.00 ,$24.00 ,$24.00 ,$20.00 ,$20.00 ,$19.00 ,Monthly,,"3,000,000 GB - 3,999,999 GB",$0.12,$0.10,$0.08,$0.10,$0.07 ,$0.05 ,,,,,,,,"8,000,000 GB - 8,999,999 GB",$0.060,$0.055,,,,,,,"15,000+",$7.20,$6.00,$4.80,$6.00,$5.00 ,$4.00 ,,,15-24,$115.00,$111.00 ,$107.00 ,$95.00 ,$92.00 ,$85.00 ,,,,,,,,,500k - 999.99k,$8.93,$7.95,$7.49,$7.37,$6.58 ,$5.93 ,,,Code Security Bundle,,,,,,,,,20M+,$3.61,$3.06,$2.50,$2.93,$2.13,$1.60,,,,,,,,,,,,,,,,,,,
"25,000 - 49,999",$14.80 ,$12.50 ,$10.20 ,$12.30 ,$10.40 ,$8.50 ,,,APM Pro (APM + Data Streams Monitoring),,,,,,,,,,100B-249.9B,$0.74,$0.89,$1.19,$1.75,$2.31,$2.87,$3.99,$7.35,,,$0.72,$0.60,$0.90,,,,,,,,,100M+,$3.60,$2.60,$1.85,$2.45,$2.10,$1.40,,,,,,,,,,,,75M - 99.999M,$2.07,$1.86,$1.69,$1.67,$1.50,$1.36,,,50 - 249M,$12.00,$11.40,$10.80,$10.00,$9.50,$9.00,$15.00,,,,,,,,,,,"10,000 M- 24,999 M",$1.80,$1.68,$1.56,$1.50,$1.40,$1.30,Hourly,,"5,000-9,999",$0.42,$0.40,$0.37,$0.42,$0.39,$0.37,,,"3,000+",$62.40,$52.60,$44.80,$52.67,$44.33,$37.33,,,100-199,$23.30 ,$21.60 ,$20.00 ,$19.50 ,$18.10 ,$16.60 ,$29.00,,"4,000,000 GB + ",$0.11,$0.09,$0.06,$0.09,$0.06 ,$0.04 ,,,,,,,,"9,000,000 GB - 9,999,999 GB",$0.055,$0.050,,,,,,,,,,,,,,,,25-49,$106.00,$100.00 ,$98.00 ,$90.00 ,$88.00 ,$75.00 ,,,,,,,,,1.0M +,$8.50,$7.50,$7.00,$7.00,$6.20 ,$5.50 ,,,Code Security Bundle (SAST + Static SCA + Runtime SCA + IAST),M2M,M2M/Manager,M2M/Director,Annual,Annual/ Manager,Annual/ Director,On-Demand,,Min 100k LLM,,,,,,,,,,,,,,,,,,Data Observability: Jobs Monitoring (Serverless),,,,,,,
"50,000 +",$14.40 ,$12.00,$9.60,$12.00 ,$10.00 ,$8.00 ,,,APM Pro Hosts,M2M,M2M/Manager,M2M/Director,Annual,Annual/ Manager,Annual/ Director,On-Demand,,,250B-499.9B,$0.69,$0.83,$1.11,$1.63,$2.15,$2.67,$3.71,$6.83,,,,,,,,,,,,,,,,,,,,,,,Network Device Monitoring,M2M,M2M/Manager,M2M/Director,Annual,Annual/ Manager,Annual/ Director,On-Demand,,100M - 249.999M,$1.85,$1.64,$1.46,$1.48,$1.31,$1.17,,,250 - 499M,$11.40,$10.80,$10.20,$9.50,$9.00,$8.50,Hourly,,,,,,,,,,,"25,000 M +",$1.20,$1.02,$0.84,$1.00,$0.85,$0.70,N/A,,"10,000-19,999",$0.40,$0.38,$0.33,$0.40,$0.35,$0.33,,,,,,,,,,,,200-499,$21.60 ,$20.90 ,$19.20 ,$18.00 ,$17.40 ,$16.10 ,,,,,,,,,,,,,,,,,"10,000,000 GB+",$0.050,$0.045,,,,,,,,,,,,,,,,50 - 99,$97.00,$94.00 ,$91.00 ,$84.00 ,$81.00 ,$66.00 ,,,,,,,,,,,,,,,,,,1-99,$48.00,$48.00,$48.00,$40.00,$40.00,$38.00,$57.60,,,,,,,,,,,,,,,,,,,,Job Hours,M2M,M2M/Manager,M2M/Director,Annual,Annual/ Manager,Annual/ Director,On-Demand
,,,,,,,,,1-99,$42.00,$42.00,$42.00,$35.00,$35.00,$35.00,Monthly,,,500B+,$0.64,$0.76,$1.02,$1.50,$1.98,$2.46,$3.42,$6.30,,,,,,,,,,,,,,Browser Tests/$ per 1K Tests,M2M,M2M/Manager,M2M/Director,Annual,Annual/ Manager,Annual/ Director,On-Demand,,1-99,$8.50,$8.50,$8.50,$7.00,$7.00,$7.00,Monthly,,250M - 499.999M,$1.63,$1.43,$1.24,$1.29,$1.13,$0.98,,,500 - 999M,$10.80,$10.20,$9.60,$9.00,$8.50,$8.00,N/A,,,,,,,,,,,"Any opportunities of 50,000M above, please reach out to deal desk",,,,,,,,,"20,000+",$0.38,$0.35,$0.30,$0.38,$0.33,$0.30,,,Normalized Queries ($ per 10),M2M,Annual,On-Demand,"Hourly On-Demand 
(Marketplace Only)",,,,,500-999,$20.00 ,$19.20 ,$18.50 ,$16.60 ,$16.20 ,$15.40 ,,,,,,,,,,,,,,,,,,,,,,,,,,,,,,,,,,,100-199,$90.00,$88.00 ,$85.00 ,$80.00 ,$75.00 ,$58.00 ,,,,,,,,,Event Management,,,,,,,,,100-199,$47.00,$43.50,$40.00,$39.00,$36.50,$33.50,,,,,,,,,,,,,,,,,,,,,"1-4,999",$0.60 ,$0.60 ,$0.60 ,$0.50 ,$0.50 ,$0.50 ,$0.72 
Pro +,M2M,M2M/Manager,M2M/Director,Annual,Annual/ Manager,Annual/ Director,On-Demand,,100-499,$42.00,$40.15,$39.46,$35.00,$33.50,$32.99,$42.00,,Manager Level,<1.2B,$1.06,$1.27,$1.70,$2.50,$3.30,$4.10,$5.70,$10.50,,,,,,,,,,,,,,1-99K,$15.00,$15.00,$15.00,$12.00,$12.00,$12.00,,,100-499,$8.50,$8.10,$7.85,$7.00,$6.70,$6.50,$10.20,,500M - 999.999M,$1.41,$1.21,$1.02,$1.10,$0.95,$0.80,,,"1,000 - 4,999M",$10.20,$9.60,$8.40,$8.50,$8.00,$7.00,,,,,,,,,,,,,,,,,,,,,,,,,,,,,,,$4.00,$4.00,$4.00,$0.006,,,,,"1,000-1,999",$18.50 ,$18.00 ,$17.60 ,$15.40 ,$15.10 ,$14.70 ,,,,,,,,,,,,,,,,,Observability Pipeline Plus,,,,,,,,,,,,,,,,,,200+,$85.00,$82.00 ,$80.00 ,$76.00 ,$65.00 ,$42.00 ,,,,,,,,,Event Management (per Correlated Event),M2M,Annual,On-Demand,,,,,,200-499,$43.50,$42.00,$38.50,$36.00,$35.00,$32.50,,,,,,,,,,,,,,,,,,,,,"5000-9,999",$0.57 ,$0.55 ,$0.53 ,$0.47 ,$0.45 ,$0.44 ,
1-99,$21.00 ,$21.00 ,$21.00 ,$18.00 ,$18.00 ,$18.00 ,Monthly,,500-999,$39.92,$38.38,$37.08,$33.32,$32.07,$31.10,Hourly,,,1.2B-2.9B,$1.01,$1.21,$1.62,$2.38,$3.14,$3.90,$5.42,$9.98,,,,,,,,,,,,,,100K-499K,$15.00,$14.40,$14.10,$12.00,$11.60,$11.15,,,500-999,$8.20,$7.70,$7.25,$6.80,$6.40,$6.00,Hourly,,"1,000M +",$1.17,$0.98,$0.78,$0.90,$0.75,$0.60,,,"5,000 - 9,999M",$9.60,$8.40,$7.20,$8.00,$7.00,$6.00,,,,,,,,,,,,,,,,,,,,,CSM Enterprise Hosts,M2M,M2M/Manager,M2M/Director,Annual,Annual/Manager,Annual/Director,On-Demand,,,,,,,,,,,"2,000+",$17.60 ,$16.90 ,$15.20 ,$14.70 ,$14.20 ,$12.80 ,,,,,,,,,,,,,,,,,Observability Pipelines Plus- per vCPU,M2M,M2M/Manager,M2M/Director,Annual,Annual/Manager,Annual/Director,On-demand,,,,,,,,,,,,,,,,,,,,,,,,,,,$0.12,$0.10,$0.14,,,,,,500-999,$40.00,$38.50,$37.00,$33.50,$32.50,$31.00,,,,,,,,,,,,,,,,,,,,,"10,000-29,999",$0.54 ,$0.52 ,$0.50 ,$0.45 ,$0.43 ,$0.42 ,
100-499,$21.00 ,$20.30 ,$19.90 ,$18.00 ,$17.40 ,$17.10 ,$21.00 ,,"1,000-1,999",$37.95,$36.69,$34.84,$31.72,$30.70,$29.31,$0.07,,,3B-5.9B,$0.95,$1.14,$1.53,$2.25,$2.97,$3.69,$5.13,$9.45,,,,,,,,,,,,,,500K-999K,$14.60,$13.80,$13.20,$11.70,$11.20,$10.40,Per 1K Tests,,"1,000-1,999",$8.00,$7.30,$6.70,$6.60,$6.10,$5.50,$0.017 ,,,,,,,,,,,"10,000M + ",$8.40,$7.20,$7.20,$7.00,$6.00,$6.00,,,,,,,,,,,,,,,,,,,,,1-99,$30.00,$30.00,$30.00,$25.00,$25.00,$25.00,Monthly,,,,,,,,,,,,,,,,,,,,,,,,,,,,,,,,,,1-9,"$2,340.00","$2,340.00","$2,340.00","$1,950.00","$1,950.00","$1,950.00","$2,808.00",,,,,,,,,,,,,,,,,,,,,,,,,,,,,,,,,,,"1,000-1,999",$37.00,$36.00,$35.50,$31.00,$30.50,$29.50,,,,,,,,,,,,,,,,,,,,,"30,000-59,999",$0.52 ,$0.50 ,$0.47 ,$0.42 ,$0.41 ,$0.39 ,
500-999,$20.60 ,$19.60 ,$18.90 ,$17.60 ,$16.80 ,$16.20 ,Hourly,,"2,000-4,999",$36.08,$35.07,$32.74,$30.20,$29.39,$27.63,,,,6B-9.9B,$0.90,$1.08,$1.45,$2.13,$2.81,$3.49,$4.85,$8.93,,,,,,,,,,,,,,1M-1.999M,$14.30,$13.30,$12.40,$11.30,$10.80,$9.60,$18.00,,"2,000-3,999",$7.70,$7.00,$6.20,$6.40,$5.80,$5.10,,,RUM Measure,,,,,,,,,,,,,,,,,,,,,,,,,,,,,,,,,,,,100-499,$29.49,$28.96,$27.85,$24.58,$23.21,$21.66,$30.00,,,,,,,,,,,CI Indexed Spans,M2M,Annual,,,,,,,,,,,,,,,,,,,,,10-19,"$1,989.00","$1,949.22","$1,929.33","$1,591.20","$1,551.42","$1,511.64",,,,,,,,,,,,,,,,,,,,,,,,,,,App Builder,,,,,,,,,"2,000+",$35.50,$34.00,$30.50,$29.50,$28.50,$26.00,,,,,,,,,,,,,,,,,,,,,"60,000-99,999",$0.49 ,$0.48 ,$0.44 ,$0.40 ,$0.39 ,$0.37 ,
"1,000 - 1,999",$20.10 ,$18.90 ,$17.90 ,$17.30 ,$16.30 ,$15.40 ,$0.035 ,,"5,000-9,999",$34.29,$33.53,$30.76,$28.76,$28.13,$26.05,,,,10B-14.9B,$0.85,$1.02,$1.36,$2.00,$2.64,$3.28,$4.56,$8.40,,,,,,,,,,,,,,2M-3.999M,$13.90,$12.75,$11.70,$11.00,$10.40,$9.00,,,"4,000-6,999",$7.50,$6.60,$5.70,$6.20,$5.50,$4.70,,,RUM Measure(Bundle of 1K),M2M,Annual,On-demand,,,,,,Serverless Workload (Apps) - per active App Instance,M2M,M2M/Manager,M2M/Director,Annual,Annual/ Manager,Annual/ Director,On-Demand,,,,,,,,,,,,,,,,,,,,500-999,$28.99,$27.97,$25.85,$24.16,$21.54,$18.76,Hourly,,,,,,,,,,,CI Indexed Spans,$3.00,$2.50 ,,,,,,,,,,,,,,,,,,,,,20-49,"$1,690.65","$1,656.84","$1,614.57","$1,352.52","$1,311.94","$1,284.89",,,,,,,,,,,,,,,,,,,,,,,,,,,App Builder - per Application,M2M,M2M/Manager,M2M/Director,Annual,Annual/ Manager,Annual/ Director,On-Demand,,,,,,,,,,,,,,,,,,,,,,,,,,,,,"100,000-199,999",$0.44 ,$0.44 ,$0.39 ,$0.36 ,$0.36 ,$0.33 ,
"2,000 - 3,999",$19.70 ,$18.30 ,$17.00 ,$16.90 ,$15.75 ,$14.70 ,,,"10,000-14,999",$30.99,$30.64,$27.16,$26.06,$25.78,$23.14,,,,15B-22.49B,$0.80,$0.95,$1.28,$1.88,$2.48,$3.08,$4.28,$7.88,,,,,,,,,,,,,,4M-6.999M,$13.60,$12.25,$10.95,$10.70,$10.00,$8.30,,,"7,000-9,999",$7.25,$6.30,$5.30,$6.00,$5.30,$4.30,,,1K - 24.999M,$0.18,$0.150,$0.22,,,,,,1-249,$4.00,$4.00,$4.00,$3.00,$3.00,$3.00,Monthly,,,,,,,,,,,,,,,,,,,,"1,000+",$28.50,$27.00,$24.00,$23.75,$20.00,$16.25,$0.05,,,,,,,,,,,,,,,,,,,,,,,,,,,,,,,,,,50-99,"$1,437.05","$1,393.94","$1,350.83","$1,149.64","$1,103.65","$1,057.67",,,,,,,,,,,,,,,,,,,,,,,,,,,1-10,$42.00,$42.00 ,$42.00 ,$35.00 ,$35.00 ,$35.00 ,$51.00 ,,,,,,,,,,,,,,,,,,,,,,,,,,,,,"200,000+",$0.40 ,$0.38 ,$0.34 ,$0.32 ,$0.31 ,$0.29 ,
"4,000 - 6,999",$19.30 ,$17.70 ,$16.15 ,$16.60 ,$15.25 ,$13.95 ,,,"15,000+",$28.00,$26.39,$23.98,$23.63,$22.40,$20.56,,,,22.5B-29.9B,$0.77,$0.92,$1.23,$1.81,$2.39,$2.97,$4.13,$7.61,,,,,,,,,,,,,,7M-9.999M,$13.25,$11.80,$10.30,$10.40,$9.70,$7.70,,,"10,000-14,999",$7.00,$6.00,$4.90,$5.90,$5.00,$4.00,,,25M - 49.999M,,$0.120,,,,,,,250-999,$4.00,$3.80,$3.80,$3.00,$2.75,$2.50,$4.32,,,,,,,,,,,,,,,,,,,,CSM Enterprise Containers,M2M,M2M/Manager,M2M/Director,Annual,Annual/Manager,Annual/Director,On-Demand,,,,,,,,,,,,,,,,,,,,,,,,,,,,,,,,,,100+,"$1,221.49","$1,184.85","$1,135.99",$977.20,$918.56,$889.25,,,,,,,,,,,,,,,,,,,,,,,,,,,11-20,$37.80,$35.91 ,$32.13 ,$31.50 ,$29.93 ,$26.78 ,Hourly,,,,,,,,,,,,,,,,,,,,,,,,,,,,,,,,,,,,
"7,000 - 9,999",$18.90 ,$17.10 ,$15.30 ,$16.25 ,$14.80 ,$13.30 ,,,,,,,,,,,,,30B-59.9B,$0.74,$0.89,$1.19,$1.75,$2.31,$2.87,$3.99,$7.35,,,,,,,,,,,,,,10M-14.999M,$12.60,$10.80,$9.10,$9.80,$9.00,$6.70,,,"15,000+",$6.80,$5.70,$4.50,$5.70,$4.80,$3.70,,,50M - 99.999M,,$0.100,,,,,,,"1,000-4,999",$3.80,$3.60,$3.40,$2.75,$2.50,$2.40,Hourly (Marketplace Only),,,,,,,,,,,,,,,,,,,,1-999,$1.00,$1.00,$1.00,$1.00,$1.00,$1.00,Hourly,,,,,,,,,,,,,,,,,,,,,,,,,,,,,,,,,,"Any opportunities of 150 or more vCPU, please involve the Product Team at log-management@datadoghq.com",,,,,,,,,,,,,,,,,,,,,,,,,,,,,,,,,21-50,$39.90,$37.91 ,$33.92 ,$24.50 ,$23.28 ,$20.83 ,N/A,,,,,,,,,,,,,,,,,,,,,,,,,,,,,Data Observability: Jobs Monitoring (Orchestrators),,,,,,,
"10,000 - 14,999",$18.50 ,$16.55 ,$14.60 ,$15.90 ,$14.30 ,$12.70 ,,,APM Enterprise (APM + Data Streams Monitoring + Continuous Profiler),,,,,,,,,,60B-99.9B,$0.72,$0.86,$1.15,$1.69,$2.23,$2.77,$3.85,$7.09,,,,,,,,,,,,,,15M-24.999M,$12.00,$10.00,$8.00,$9.30,$8.40,$5.75,,,,,,,,,,,,100M - 249.999M,,$0.083,,,,,,,"5,000 - 9,999",$3.60,$3.40,$3.20,$2.50,$2.40,$2.25,$0.006,,,,,,,,,,,,,,,,,,,,"1,000-2,499",$0.94,$0.93,$0.90,$0.94,$0.92,$0.89,$0.002,,,,,,,,,,,,,,,,,,,,,,,,,,,,,,,,,,,,,,,,,,,,,,,,,,,,,,,,,,,,,,,,,,,51-100,$35.70,$33.92 ,$30.35 ,$21.00 ,$19.95 ,$17.85 ,,,,,,,,,,,,,,,,,,,,,,,,,,,,,,Job Hours,M2M,M2M/Manager,M2M/Director,Annual,Annual/ Manager,Annual/ Director,On-Demand
"15,000 - 24,999",$18.10 ,$16.00 ,$13.90 ,$15.60 ,$13.80 ,$12.10 ,,,APM Enterprise Hosts,M2M,M2M/Manager,M2M/Director,Annual,Annual/ Manager,Annual/ Director,On-Demand,,,100B-249.9B,$0.69,$0.83,$1.11,$1.63,$2.15,$2.67,$3.71,$6.83,,,,,,,,,,,,,,25M+,$11.45,$9.40,$7.20,$8.80,$7.85,$5.00,,,Netflow Monitoring ,,,,,,,,,250M - 499.999M,,$0.072,,,,,,,"10,000 +",$3.40,$3.20,$3.00,$2.40,$2.25,$1.95,,,,,,,,,,,,,,,,,,,,,"2,500-4,999",$0.89,$0.87,$0.82,$0.89,$0.84,$0.79,,,,,,,,,,,,,,,,,,,,,,,,,,,,,,,,,,,,,,,,,,,,,,,,,,,,,,,,,,,,,,,,,,,,101+,$32.13,$30.52 ,$27.31 ,$17.50 ,$16.63 ,$14.88 ,,,,,,,,,,,,,,,,,,,,,,,,,,,,,,"1-24,999",$0.120 ,$0.120 ,$0.120 ,$0.100 ,$0.100 ,$0.100 ,$0.14 
"25,000 - 49,999",$17.80 ,$15.50 ,$13.20 ,$15.30 ,$13.40 ,$11.50 ,,,1-99,$48.00,$48.00,$48.00,$40.00,$40.00,$40.00,Monthly,,,250B-499.9B,$0.64,$0.76,$1.02,$1.50,$1.98,$2.46,$3.42,$6.30,,,,,,,,,,,,,,,,,,,,,,,Annual                         (Price per Million Events),Tier,15 Day,30 Day,60 Day,90 Day,,,,500M - 999.999M,,$0.065,,,,,,,,,,,,,,,,,,,,,,,,,,,,,,,,,,"5,000-9,999",$0.84,$0.81,$0.74,$0.84,$0.77,$0.70,,,,,,,,,,,,,,,,,,,,,,,,,,,,,,,,,,,,,,,,,,,,,,,,,,,,,,,,,,,,,,,,,,,,,,,,,,,,,,,,,,,,,,,,,,,,,,,,,,,,,,,,"25,000-49,999",$0.114 ,$0.110 ,$0.106 ,$0.094 ,$0.090 ,$0.088 ,
"50,000+ ",$17.40 ,$15.00 ,$12.60 ,$15.00 ,$13.00 ,$11.00 ,,,100-499,$48.00,$45.89,$45.10,$40.00,$38.29,$37.70,$48.00,,,500B+,$0.58,$0.70,$0.94,$1.38,$1.82,$2.26,$3.14,$5.78,,,,,,,,,,,,,,Parallel testing - per additional concurrent tests,M2M,M2M/Manager,M2M/Director,Annual,Annual/ Manager,Annual/ Director,On-Demand,,Rep Level,<1.2B,$0.60,$0.65,$0.75,$0.85,,,,"1,000M +",,$0.060,,,,,,,App and API Protection Serverless,M2M,M2M/Manager,M2M/Director,Annual,Annual/Manager,Annual/Director,On-Demand,,,,,,,,,,,,,,,,,,,,"10,000-19,999",$0.79,$0.75,$0.66,$0.79,$0.71,$0.62,,,,,,,,,,,,,,,,,,,,,,,,,,,,,,,,,,,,,,,,,,,,,,,,,,,,,,,,,,,,,,,,,,,,,,,,,,,,,,,,,,,,,,,,,,,,,,,,,,,,,,,,"50,000-149,999",$0.108 ,$0.104 ,$0.100 ,$0.090 ,$0.086 ,$0.084 ,
,,,,,,,,,500-999,$45.63,$43.86,$42.38,$38.08,$36.65,$35.54,Hourly,,Director Level,<1.2B,$1.06,$1.27,$1.70,$2.50,$3.30,$4.10,$5.70,$10.50,,,,,,,,,,,,,,1-5,$95.00,$95.00,$95.00,$79.00,$79.00,$79.00,$114.000,,,1.2B-2.9B,$0.60,$0.65,$0.75,$0.85,,,,,,,,,,,,,1 - 49M,$12.00,$12.00,$12.00,$10.00,$10.00,$10.00,Per Unit,,,,,,,,,,,,,,,,,,,,"20,000+",$0.75,$0.70,$0.60,$0.75,$0.65,$0.55,,,,,,,,,,,,,,,,,,,,,,,,,,,,,,,,,,,,,,,,,,,,,,,,,,,,,,,,,,,,,,,,,,,,Incident Management,,,,,,,,,,,,,,,,,,,,,,,,,,,,,,,,,,,,"150,000-299,999",$0.104 ,$0.100 ,$0.094 ,$0.084 ,$0.082 ,$0.078 ,
Enterprise,M2M,M2M/Manager,M2M/Director,Annual,Annual/ Manager,Annual/ Director,On-Demand,,"1,000-1,999",$43.37,$41.93,$39.82,$36.26,$35.09,$33.50,$0.08,,,1.2B-2.9B,$0.95,$1.14,$1.53,$2.25,$2.97,$3.69,$5.13,$9.45,,,,,,,,,,,,,,6-10,$95.00,$90.30,$85.50,$79.00,$75.10,$71.10,Hourly,,,3B-5.9B,$0.57,$0.62,$0.71,$0.81,,,,RUM Session Replay Add On,,,,,,,,,50 - 249M,$12.00,$11.40,$10.80,$10.00,$9.50,$9.00,$15.00,,,,,,,,,,,,,,,,,,,,,,,,,,,,,,,,,,,,,,,,,,,,,,,,,,,,,,,,,,,,,,,,,,,,,,,,,,,,,,,,,,,,,,,,,,,,,,Incident Management Seat,M2M,M2M/Manager,M2M/Director,Annual,Annual/ Manager,Annual/ Director,On-Demand,,,,,,,,,,,,,,,,,,,,,,,,,,,,,"300,000-499,999",$0.098 ,$0.096 ,$0.088 ,$0.080 ,$0.078 ,$0.074 ,
1-499,$27.00 ,$27.00 ,$27.00 ,$23.00 ,$23.00,$23.00,Monthly,,"2,000-4,999",$41.23,$40.08,$37.41,$34.52,$33.59,$31.58,,,,3B-5.9B,$0.90,$1.08,$1.45,$2.13,$2.81,$3.49,$4.85,$8.93,,,,,,,,,,,,,,11-15,$92.20,$80.75,$76.00,$76.60,$67.20,$63.20,$0.190 ,,,6B-9.9B,$0.54,$0.59,$0.68,$0.77,,,,RUM Session Replay Add On (Bundle of 1K),M2M,M2M/Manager,M2M/Director,Annual,Annual/Manager,Annual/Director,On-demand,,250 - 499M,$11.40,$10.80,$10.20,$9.50,$9.00,$8.50,Hourly,,,,,,,,,,,,,,,,,,,,Workload Protection Hosts,M2M,M2M/Manager,M2M/Director,Annual,Annual/ Manager,Annual/ Director,On-Demand,,,,,,,,,,,,,,,,,,,,,,,,,,,,,,,,,,,,,,,,,,,,,,,,,,,,,,,,,,,,,,,,,,,1-99,$36.00,$36.00,$36.00,$30.00,$30.00,$30.00,$43.20,,,,,,,,,,,,,,,,,,,,,,,,,,,,,"500,000-999,999",$0.088 ,$0.088 ,$0.078 ,$0.072 ,$0.072 ,$0.066 ,
500-999,$27.00 ,$26.20 ,$26.10 ,$23.00 ,$22.20 ,$21.90 ,$27.00 ,,"5,000-9,999",$39.19,$38.32,$35.15,$32.86,$32.15,$29.77,,,,6B-9.9B,$0.85,$1.02,$1.36,$2.00,$2.64,$3.28,$4.56,$8.40,,,,,,,,,,,,,,16-25,$89.30,$74.10,$71.25,$74.30,$61.60,$59.30,,,,10B-14.9B,$0.51,$0.55,$0.64,$0.72,,,,1K-999K,$3.00,$3.00,$3.00,$2.50,$2.50,$2.50,$3.60,,500 - 999M,$10.80,$10.20,$9.60,$9.00,$8.50,$8.00,N/A,,,,,,,,,,,,,,,,,,,,1-99,$18.00,$18.00,$18.00,$15.00,$15.00,$15.00,Monthly,,,,,,,,,,,,,,,,,,,,,,,,,,,,,,,,,,,,,,,,,,,,,,,,,,,,,,,,,,,,,,,,,,,100-249,$36.00,$30.00,$28.80,$30.00,$25.00,$24.00,,,,,,,,,,,,,,,,,,,,,,,,,,,,,,"1,000,000+",$0.080 ,$0.076 ,$0.068 ,$0.064 ,$0.062 ,$0.058 ,
"1,000-1,999",$26.30 ,$25.50 ,$25.25 ,$22.40 ,$21.40,$20.80,Hourly,,"10,000-14,999",$35.41,$35.02,$31.04,$29.79,$29.46,$26.45,,,,10B-14.9B,$0.80,$0.95,$1.28,$1.88,$2.48,$3.08,$4.28,$7.88,,,,,,,,,,,,,,26-35,$87.40,$68.40,$66.50,$72.70,$56.90,$55.30,,,,15B-22.49B,$0.48,$0.52,$0.60,$0.68,,,,1M - 1.999M,$3.00,$2.83,$2.80,$2.50,$2.35,$2.33,,,"1,000 - 4,999M",$10.20,$9.60,$8.40,$8.50,$8.00,$7.00,,,,,,,,,,,,,,,,,,,,,100-499,$18.00,$17.40,$16.20,$15.00,$14.50,$13.50,$18.00,,,,,,,,,,,,,,,,,,,,,,,,,,,,,,,,,,,,,,,,,,,,,,,,,,,,,,,,,,,,,,,,,,,250-499,$30.00,$28.80,$27.00,$25.00,$24.00,$22.50,,,,,,,,,,,,,,,,,,,,,,,,,,,,,,,,,,,,,
"2,000-4,999",$25.70 ,$24.80 ,$24.40 ,$21.80 ,$20.70 ,$19.75 ,$0.045 ,,"15,000+",$32.00,$30.16,$27.40,$27.00,$25.60,$23.50,,,,15B-22.49B,$0.74,$0.89,$1.19,$1.75,$2.31,$2.87,$3.99,$7.35,,,,,,,,,,,,,,36-40,$84.60,$64.60,$61.75,$70.30,$53.70,$51.40,,,,22.5B-29.9B,$0.47,$0.50,$0.58,$0.66,,,,2M - 3.999M,$2.83,$2.65,$2.60,$2.35,$2.20,$2.15,,,"5,000 - 9,999M",$9.60,$8.40,$7.20,$8.00,$7.00,$6.00,,,,,,,,,,,,,,,,,,,,,500-999,$17.40,$16.80,$14.40,$14.50,$14.00,$12.00,Hourly,,,,,,,,,,,,,,,,,,,,,,,,,,,,,,,,,,,,,,,,,,,,,,,,,,,,,,,,,,,,,,,,,,,500+,$27.72,$25.92,$23.40,$23.10,$21.60,$19.20,,,,,,,,,,,,,,,,,,,,,,,,,,,,,,Data Observability: Quality Monitoring,,,,,,,
"5,000-9,999",$25.00 ,$24.10 ,$23.60 ,$21.20 ,$19.95 ,$18.80 ,,,,,,,,,,,,,22.5B-29.9B,$0.72,$0.86,$1.15,$1.69,$2.23,$2.77,$3.85,$7.09,,,,,,,,,,,,,,40+,$81.70,$58.90,$57.00,$67.90,$49.00,$47.40,,,,30B-59.9B,$0.45,$0.49,$0.56,$0.64,,,,4M - 7.999M,$2.65,$2.47,$2.40,$2.19,$2.04,$1.98,,,"10,000M + ",$8.40,$7.20,$7.20,$7.00,$6.00,$6.00,,,,,,,,,,,,,,,,,,,,,"1,000-1,999",$17.40,$15.60,$13.80,$14.50,$13.00,$11.50,$0.030 ,,,,,,,,,,,,,,,,,,,,,,,,,,,,,,,,,,,,,,,,,,,,,,,,,,,,,,,,,,,,,,,,,,,,,,,,,,,,,,,,,,,,,,,,,,,,,,,,,,,,,,,Monitored Tables,M2M,M2M/Manager,M2M/Director,Annual,Annual/ Manager,Annual/ Director,On-Demand
"10,000-14,999",$23.80 ,$22.80 ,$22.05 ,$20.05 ,$18.60 ,$17.00 ,,,Data Streams Monitoring,,,,,,,,,,30B-59.9B,$0.69,$0.83,$1.11,$1.63,$2.15,$2.67,$3.71,$6.83,,,,,,,,,,,,,,,,,,,,,,,,60B-99.9B,$0.44,$0.47,$0.54,$0.62,,,,8M - 13.999M,$2.47,$2.29,$2.20,$2.03,$1.88,$1.80,,,,,,,,,,,,,,,,,,,,,,,,,,,,,,"2,000-3,999",$16.80,$14.40,$12.60,$14.00,$12.00,$10.50,,,,,,,,,,,,,,,,,,,,,,,,,,,,,,,,,,,,,,,,,,,,,,,,,,,,,,,,,,,,,,,,,,,,On-Call,,,,,,,,,,,,,,,,,,,,,,,,,,,,,,,,,,,,1-99,$21.00 ,$21.00 ,$21.00 ,$16.00 ,$16.00 ,$16.00 ,$24.00 
"15,000 - 24,999",$22.60 ,$21.50 ,$20.60 ,$19.00 ,$17.30 ,$15.30 ,,,DSM Hosts,M2M,M2M/Manager,M2M/Director,Annual,Annual/ Manager,Annual/ Director,On-Demand,,,60B-99.9B,$0.66,$0.79,$1.06,$1.56,$2.06,$2.56,$3.56,$6.56,,,,,,,,,,,,,,Mobile App Testing and Monitoring,,,,,,,,,,100B-249.9B,$0.42,$0.46,$0.53,$0.60,,,,14M - 19.999M,$2.29,$2.11,$2.00,$1.87,$1.72,$1.63,,,Serverless Apps APM,M2M,M2M/Manager,M2M/Director,Annual,Annual/ Manager,Annual/ Director,On-Demand,,,,,,,,,,,,,,,,,,,,"4,000-6,999",$16.80,$13.80,$12.00,$14.00,$11.50,$10.00,,,,,,,,,,,,,,,,,,,,,,,,,,,,,,,,,,,,,,,,,,,,,,,,,,,,,,,,,,,,,,,,,,,,On-Call Seat,M2M,M2M/Manager,M2M/Director,Annual,Annual/ Manager,Annual/ Director,On-Demand,,,,,,,,,,,,,,,,,,,,,,,,,,,,,100-299,$21.00 ,$19.13 ,$18.43 ,$16.00 ,$14.79 ,$14.25 ,
"25,000 - 49,999",$21.50 ,$20.30 ,$19.30 ,$17.80 ,$16.10 ,$13.80 ,,,1-499,$18.00,$18.00,$18.00,$15.00,$15.00,$15.00,Monthly,,,100B-249.9B,$0.64,$0.76,$1.02,$1.50,$1.98,$2.46,$3.42,$6.30,,,,,,,,,,,,,,,,,,,,,,,,250B-499.9B,$0.39,$0.42,$0.49,$0.55,,,,20M - 34.999M,$2.10,$1.92,$1.80,$1.71,$1.56,$1.46,,,1-249,$7.20,$7.20,$7.20,$6.00,$6.00,$6.00,Monthly,,,,,,,,,,,,,,,,,,,,"7,000-9,999",$16.20,$13.20,$11.25,$13.50,$11.00,$9.50,,,,,,,,,,,,,,,,,,,,,,,,,,,,,,,,,,,,,,,,,,,,,,,,,,,,,,,,,,,,,,,,,,,,1-99,$24.00,$24.00,$24.00,$20.00,$20.00,$20.00,$29.00,,,,,,,,,,,,,,,,,,,,,,,,,,,,,300-599,$19.47 ,$17.43 ,$16.18 ,$15.11 ,$13.68 ,$12.70 ,
"50,000 + ",$20.40 ,$19.20 ,$18.00 ,$17.00 ,$15.00 ,$12.50 ,,,500-999,$16.89,$16.78,$16.82,$13.90,$13.90,$13.70,$18.00,,,250B-499.9B,$0.58,$0.70,$0.94,$1.38,$1.82,$2.26,$3.14,$5.78,,,,,,,,,,,,,,Mobile Application Testing /$ per 100 Tests,M2M,M2M/Manager,M2M/Director,Annual,Annual/ Manager,Annual/ Director,On-Demand,,,500B+,$0.36,$0.39,$0.45,$0.51,,,,35M - 49.999M,$1.91,$1.74,$1.60,$1.55,$1.40,$1.30,,,250-999,$7.20,$6.05,$5.90,$6.00,$5.04,$4.92,$9.00 ,,,,,,,,,,,,,,,,,,,,"10,000-14,999",$15.60,$12.60,$10.80,$13.00,$10.50,$9.00,,,,,,,,,,,,,,,,,,,,,,,,,,,,,,,,,,,,,,,,,,,,,,,,,,,,,,,,,,,,,,,,,,,,100-249,$24.00,$20.00,$19.20,$20.00,$16.67,$16.00,,,,,,,,,,,,,,,,,,,,,,,,,,,,,,600-999,$18.06 ,$15.87 ,$14.20 ,$14.26 ,$12.65 ,$11.31 ,
,,,,,,,,,"1,000-1,999",$15.84,$15.64,$15.71,$12.89,$12.89,$12.51,Hourly,,,500B+,$0.53,$0.64,$0.85,$1.25,$1.65,$2.05,$2.85,$5.25,,,,,,,,,,,,,,1-5K,$60.00,$60.00,$60.00,$50.00,$50.00,$50.00,per 100 Tests,,Manager Level,<1.2B,$0.60,$0.65,$0.75,$0.85,,,,50M - 79.999M,$1.73,$1.55,$1.41,$1.39,$1.25,$1.13,,,"1,000-4,999",$6.05,$5.08,$4.84,$5.05,$4.23,$4.03,Hourly (Marketplace only),,,,,,,,,,,,,,,,,,,,"15,000+",$14.40,$12.00,$9.60,$12.00,$10.00,$8.00,,,,,,,,,,,,,,,,,,,,,,,,,,,,,,,,,,,,,,,,,,,,,,,,,,,,,,,,,,,,,,,,,,,,250-499,$20.00,$19.20,$18.00,$16.67,$16.00,$15.00,,,,,,,,,,,,,,,,,,,,,,,,,,,,,,1000-1999,$16.75 ,$14.46 ,$12.46 ,$13.46 ,$11.70 ,$10.08 ,
ALL INFRA BASIC DEALS REQUIRE PRE-APPROVAL FROM THE PM TEAM,,,,,,,,,"2,000-4,999",$14.86,$14.58,$14.67,$11.94,$11.94,$11.43,$0.030,,On-Demand,,3 Days,7 Days,15 Days,30 Days,45 Days,60 Days,90 Days,180 Days,,,,,,,,,,,,,,5-9K,$60.00,$57.09,$54.17,$50.00,$47.20,$45.14,$72.000,,,1.2B-2.9B,$0.57,$0.62,$0.71,$0.81,,,,80M - 124.999M,$1.54,$1.37,$1.22,$1.23,$1.09,$0.98,,,"5,000 - 9,999",$5.09,$4.27,$3.96,$4.24,$3.56,$3.30,$0.014 ,,,,,,,,,,,,,,,,,,,,Workload Protection Containers,M2M,M2M/Manager,M2M/Director,Annual,Annual/ Manager,Annual/ Director,On-Demand,,,,,,,,,,,,,,,,,,,,,,,,,,,,,,,,,,,,,,,,,,,,,,,,,,,,,,,,,,,,,,,,,,,500+,$18.48,$17.28,$15.60,$15.40,$14.40,$12.80,,,,,,,,,,,,,,,,,,,,,,,,,,,,,,2000-4999,$15.53 ,$13.17 ,$10.94 ,$12.71 ,$10.81 ,$8.98 ,
Basic,M2M,M2M/Manager,M2M/Director,Annual,Annual/ Manager,Annual/ Director,On-Demand,,"5,000-9,999",$13.94,$13.59,$13.71,$11.07,$11.07,$10.44,,,,,$1.59,$1.91,$2.55,$3.75,$4.95,$6.15,$8.55,$15.75,,,,,,,,,,,,,,10K-20K,$57.95,$54.32,$48.91,$47.87,$44.57,$40.76,,,,3B-5.9B,$0.54,$0.59,$0.68,$0.77,,,,125M - 179.999M,$1.36,$1.19,$1.03,$1.07,$0.94,$0.82,,,"10,000 +",$4.28,$3.59,$3.25,$3.57,$2.99,$2.71,,,,,,,,,,,,,,,,,,,,,1-999,$1.00,$1.00,$1.00,$1.00,$1.00,$1.00,Hourly,,,,,,,,,,,,,,,,,,,,,,,,,,,,,,,,,,,,,,,,,,,,,,,,,,,,,,,,,,,,,,,,,,,,,,,,,,,,,,,,,,,,,,,,,,,,,,,,,,,,,,,5000+,$14.40 ,$12.00 ,$9.60 ,$12.00 ,$10.00 ,$8.00 ,
1-99,$9.30 ,$9.30,$9.30,$7.75 ,$7.75 ,$7.75 ,Monthly,,"10,000-14,999",$12.27,$11.81,$11.96,$9.51,$9.51,$8.71,,,M2M                               (Price per Million Events),Tier,3 Day,7 Day,15 Day,30 Day,45 Day,60 Day,90 Day,180 Day,,,,,,,,,,,,,,20K-40K,$55.96,$51.69,$44.16,$45.83,$42.07,$36.80,,,,6B-9.9B,$0.51,$0.55,$0.64,$0.72,,,,180M - 249.999M,$1.18,$1.01,$0.85,$0.92,$0.79,$0.67,,,,,,,,,,,,,,,,,,,,,,,,,,,,,,"1,000-2,499",$1.00,$0.98,$0.95,$0.95,$0.95,$0.93,$0.002,,,,,,,,,,,,,,,,,,,,,,,,,,,,,,,,,,,,,,,,,,,,,,,,,,,,,,,,,,,,,,,,,,,Enterprise Incident Response (On Call + Incident Management),,,,,,,,,,,,,,,,,,,,,,,,,,,,,,,,,,,,,,,,,,,
100-499,$9.30 ,$8.93 ,$8.73 ,$7.75 ,$7.34 ,$7.29 ,$9.30 ,,"15,000+",$10.80,$10.26,$10.44,$8.17,$8.17,$7.26,,,Rep Level,<1.2B,$1.27,$1.52,$2.04,$3.00,$3.96,$4.92,$6.84,$12.60,,,,,,,,,,,,,,40K-100K,$54.05,$49.18,$39.87,$43.87,$39.72,$33.23,,,,10B-14.9B,$0.48,$0.52,$0.60,$0.68,,,,250M +,$0.98,$0.81,$0.65,$0.75,$0.63,$0.50,,,,,,,,,,,,,,,,,,,,,,,,,,,,,,"2,500-4,999",$0.95,$0.93,$0.90,$0.90,$0.90,$0.87,,,,,,,,,,,,,,,,,,,,,,,,,,,,,,,,,,,,,,,,,,,,,,,,,,,,,,,,,,,,,,,,,,,,Enterprise Incident Response Seat,M2M,M2M/Manager,M2M/Director,Annual,Annual/ Manager,Annual/ Director,On-Demand,,,,,,,,,,,,,,,,,,,,,,,,,,,,,,,,,,,,
500-999,$9.07 ,$8.57 ,$8.20 ,$7.52 ,$7.06 ,$6.82 ,Hourly,,,,,,,,,,,,1.2B-2.9B,$1.27,$1.52,$2.04,$3.00,$3.96,$4.92,$6.84,$12.60,,,,,,,,,,,,,,100K+,$52.20,$46.80,$36.00,$42.00,$37.50,$30.00,,,,15B-22.49B,$0.45,$0.49,$0.56,$0.64,,,,,,,,,,,,,,,,,,,,,,,,,,,,,,,,,,,,,,,,"5,000-9,999",$0.90,$0.87,$0.85,$0.85,$0.85,$0.83,,,,,,,,,,,,,,,,,,,,,,,,,,,,,,,,,,,,,,,,,,,,,,,,,,,,,,,,,,,,,,,,,,,,1-99,$48.00,$48.00,$48.00,$40.00,$40.00,$40.00,$58.00,,,,,,,,,,,,,,,,,,,,,,,,,,,,,,,,,,,,
"1,000-1,999",$8.85 ,$8.23 ,$7.70 ,$7.34 ,$6.78 ,$6.41 ,$0.016 ,,,,,,,,,,,,3B-5.9B,$1.21,$1.44,$1.94,$2.85,$3.76,$4.67,$6.50,$11.97,,,,,,,,,,,,,,,,,,,,,,,,22.5B-29.9B,$0.44,$0.47,$0.54,$0.62,,,,Product Analytics,,,,,,,,,,,,,,,,,,,,,,,,,,,,,,,,,,,,"10,000-19,999",$0.85,$0.83,$0.80,$0.80,$0.80,$0.77,,,,,,,,,,,,,,,,,,,,,,,,,,,,,,,,,,,,,,,,,,,,,,,,,,,,,,,,,,,,,,,,,,,,100-249,$48.00,$40.00,$38.40,$40.00,$33.33,$32.00,,,,,,,,,,,,,,,,,,,,,,,,,,,,,,,,,,,,,
"2,000-3,999",$8.63 ,$7.91 ,$7.23 ,$7.17 ,$6.53 ,$6.05 ,,,Continuous Profiler,,,,,,,,,,6B-9.9B,$1.14,$1.37,$1.84,$2.70,$3.56,$4.43,$6.16,$11.34,,,,,,,,,,,,,,,,,,,,,,,,30B-59.9B,$0.42,$0.46,$0.53,$0.60,,,,Product Analytics (per 1K Sessions),M2M,M2M/Manager,M2M/Director,Annual,Annual/Manager,Annual/Director,On-demand,,,,,,,,,,,,,,,,,,,,,,,,,,,,,"20,000+",$0.80,$0.77,$0.75,$0.75,$0.75,$0.73,,,,,,,,,,,,,,,,,,,,,,,,,,,,,,,,,,,,,,,,,,,,,,,,,,,,,,,,,,,,,,,,,,,,250-499,$40.00,$38.40,$36.00,$33.33,$32.00,$30.00,,,,,,,,,,,,,,,,,,,,,,,,,,,,,,,,,,,,,
"4,000-6,999",$8.42 ,$7.59 ,$6.79 ,$6.99 ,$6.28 ,$5.66 ,,,Profiled Hosts,M2M,M2M/Manager,M2M/Director,Annual,Annual/ Manager,Annual/ Director,On-Demand,,,10B-14.9B,$1.08,$1.29,$1.73,$2.55,$3.37,$4.18,$5.81,$10.71,,,,,,,,,,,,,,,,,,,,,,,,60B-99.9B,$0.41,$0.44,$0.51,$0.57,,,,1K-4.999M,$1.00,$1.00,$1.00,$0.80,$0.80,$0.80,$1.20,,,,,,,,,,,,,,,,,,,,,,,,,,,,,,,,,,,,,,,,,,,,,,,,,,,,,,,,,,,,,,,,,,,,,,,,,,,,,,,,,,,,,,,,,,,,,,,,,,,,,,,500+,$36.96,$34.56,$31.20,$30.80,$28.80,$25.60,,,,,,,,,,,,,,,,,,,,,,,,,,,,,,,,,,,,,
"7,000-9,999",$8.21 ,$7.29 ,$6.37 ,$6.83 ,$6.04 ,$5.32 ,,,1-499,$23.00,$23.00,$23.00,$19.00,$19.00,$19.00,Monthly,,,15B-22.49B,$1.02,$1.22,$1.63,$2.40,$3.17,$3.94,$5.47,$10.08,,,,,,,,,,,,,,,,,,,,,,,,100B-249.9B,$0.39,$0.42,$0.49,$0.55,,,,5M - 9.999M,$1.00,$0.88,$0.86,$0.80,$0.70,$0.69,,,,,,,,,,,,,,,,,,,,,,,,,,,,,,Application Security Management,,,,,,,,,,,,,,,,,,,,,,,,,,,,,,,,,,,,,,,,,,,,,,,,,,,,,,,,,,,,,,,,,,,,,,,,,,,,,,,,,,,,,,,,,,,,,,,,,,,,,,,,,,,,,,,,,,,,,
"10,000-14,999",$8.01 ,$7.00 ,$5.99 ,$6.66 ,$5.80 ,$5.01 ,,,500-999,$21.16,$20.70,$20.24,$17.48,$16.79,$16.10,$23.00,,,22.5B-29.9B,$0.98,$1.18,$1.58,$2.33,$3.07,$3.81,$5.30,$9.77,,,,,,,,,,,,,,,,,,,,,,,,250B-499.9B,$0.36,$0.39,$0.45,$0.51,,,,10M - 24.999M,$0.89,$0.78,$0.74,$0.71,$0.62,$0.59,,,,,,,,,,,,,,,,,,,,,,,,,,,,,,App and API Protection Hosts,M2M,M2M/Manager,M2M/Director,Annual,Annual/ Manager,Annual/ Director,On-Demand,,,,,,,,,,,,,,,,,,,,,,,,,,,,,,,,,,,,,,,,,,,,,,,,,,,,,,,,,,,,,,,,,,,,,,,,,,,,,,,,,,,,,,,,,,,,,,,,,,,,,,,,,,,,,,
"15,000 - 24,999",$7.81 ,$6.72 ,$5.62 ,$6.50 ,$5.58 ,$4.70 ,,,"1,000-1,999",$19.32,$18.86,$17.94,$16.33,$15.87,$14.95,Hourly,,,30B-59.9B,$0.95,$1.14,$1.53,$2.25,$2.97,$3.69,$5.13,$9.45,,,,,,,,,,,,,,,,,,,,,,,,500B+,$0.33,$0.36,$0.41,$0.47,,,,25M - 49.999M,$0.79,$0.69,$0.64,$0.63,$0.54,$0.50,,,,,,,,,,,,,,,,,,,,,,,,,,,,,,1-499,$36.00,$36.00,$36.00,$31.00,$31.00,$29.00,Monthly,,,,,,,,,,,,,,,,,,,,,,,,,,,,,,,,,,,,,,,,,,,,,,,,,,,,,,,,,,,,,,,,,,,,,,,,,,,,,,,,,,,,,,,,,,,,,,,,,,,,,,,,,,,,,,
"25,000 - 49,999",$7.62 ,$6.45 ,$5.28 ,$6.35 ,$5.37 ,$4.39 ,,,"2,000-4,999",$17.25,$16.79,$16.56,$14.72,$13.80,$12.65,$0.038,,,60B-99.9B,$0.92,$1.10,$1.48,$2.18,$2.87,$3.57,$4.96,$9.14,,,,,,,,,,,,,,,,,,,,,,,Director Level,<1.2B,$0.60,$0.65,$0.75,$0.85,,,,50M - 74.999M,$0.70,$0.61,$0.55,$0.55,$0.48,$0.43,,,,,,,,,,,,,,,,,,,,,,,,,,,,,,500-999,$34.80,$32.40,$30.00,$29.00,$27.00,$25.00,$36.00,,,,,,,,,,,,,,,,,,,,,,,,,,,,,,,,,,,,,,,,,,,,,,,,,,,,,,,,,,,,,,,,,,,,,,,,,,,,,,,,,,,,,,,,,,,,,,,,,,,,,,,,,,,,,,
"50,000+",$7.92 ,$6.60,$4.96,$6.20 ,$5.16 ,$4.13 ,,,"5,000-9,999",$16.10,$15.64,$15.18,$13.11,$12.65,$11.50,,,,100B - 249.9B,$0.89,$1.06,$1.43,$2.10,$2.77,$3.44,$4.79,$8.82,,,,,,,,,,,,,,,,,,,,,,,,1.2B-2.9B,$0.54,$0.59,$0.68,$0.77,,,,75M - 99.999M,$0.62,$0.54,$0.47,$0.49,$0.42,$0.37,,,,,,,,,,,,,,,,,,,,,,,,,,,,,,"1,000-1,999",$32.40,$31.20,$28.80,$27.00,$26.00,$24.00,Hourly,,,,,,,,,,,,,,,,,,,,,,,,,,,,,,,,,,,,,,,,,,,,,,,,,,,,,,,,,,,,,,,,,,,,,,,,,,,,,,,,,,,,,,,,,,,,,,,,,,,,,,,,,,,,,,
,,,,,,,,,"10,000-14,999",$14.95,$14.26,$14.03,$11.50,$11.50,$10.35,,,,250B - 499.9B,$0.83,$0.99,$1.33,$1.95,$2.57,$3.20,$4.45,$8.19,,,,,,,,,,,,,,,,,,,,,,,,3B-5.9B,$0.51,$0.55,$0.64,$0.72,,,,100M - 249.999M,$0.56,$0.47,$0.41,$0.43,$0.37,$0.32,,,,,,,,,,,,,,,,,,,,,,,,,,,,,,"2,000-4,999",$30.00,$30.00,$27.60,$25.00,$25.00,$23.00,$0.06,,,,,,,,,,,,,,,,,,,,,,,,,,,,,,,,,,,,,,,,,,,,,,,,,,,,,,,,,,,,,,,,,,,,,,,,,,,,,,,,,,,,,,,,,,,,,,,,,,,,,,,,,,,,,,
,,,,,,,,,"15,000+",$13.80,$13.11,$13.34,$10.35,$10.35,$9.20,,,,500B+,$0.76,$0.91,$1.22,$1.80,$2.38,$2.95,$4.10,$7.56,,,,,,,,,,,,,,,,,,,,,,,,6B-9.9B,$0.48,$0.52,$0.60,$0.68,,,,250M - 499.999M,$0.49,$0.42,$0.35,$0.38,$0.32,$0.27,,,,,,,,,,,,,,,,,,,,,,,,,,,,,,"5,000-9,999",$27.60,$27.60,$26.40,$23.00,$23.00,$22.00,,,,,,,,,,,,,,,,,,,,,,,,,,,,,,,,,,,,,,,,,,,,,,,,,,,,,,,,,,,,,,,,,,,,,,,,,,,,,,,,,,,,,,,,,,,,,,,,,,,,,,,,,,,,,,,
Custom Metrics/ per 100,M2M,M2M/Manager,M2M/Director,Annual,Annual/ Manager,Annual/ Director,On-Demand,,,,,,,,,,,Manager Level,<1.2B,$1.27,$1.52,$2.04,$3.00,$3.96,$4.92,$6.84,$12.60,,,,,,,,,,,,,,,,,,,,,,,,10B-14.9B,$0.45,$0.49,$0.56,$0.64,,,,500M - 999.999M,$0.42,$0.37,$0.30,$0.33,$0.28,$0.23,,,,,,,,,,,,,,,,,,,,,,,,,,,,,,"10,000-14,999",$26.40,$26.40,$22.80,$22.00,$22.00,$19.00,,,,,,,,,,,,,,,,,,,,,,,,,,,,,,,,,,,,,,,,,,,,,,,,,,,,,,,,,,,,,,,,,,,,,,,,,,,,,,,,,,,,,,,,,,,,,,,,,,,,,,,,,,,,,,,
100-499.9K,$5.00,$5.00,$5.00,$5.00,$5.00,$4.50,Monthly,,Software Composition Analysis for ECS Fargate,M2M,M2M/Manager,M2M/Director,Annual,Annual/ Manager,Annual/ Director,On-Demand,,,1.2B-2.9B,$1.21,$1.44,$1.94,$2.85,$3.76,$4.67,$6.50,$11.97,,,,,,,,,,,,,,,,,,,,,,,,15B-22.49B,$0.42,$0.46,$0.53,$0.60,,,,"1,000M +",$0.39,$0.33,$0.26,$0.30,$0.25,$0.20,,,,,,,,,,,,,,,,,,,,,,,,,,,,,,"15,000+",$24.00,$24.00,$20.40,$20.00,$20.00,$17.00,,,,,,,,,,,,,,,,,,,,,,,,,,,,,,,,,,,,,,,,,,,,,,,,,,,,,,,,,,,,,,,,,,,,,,,,,,,,,,,,,,,,,,,,,,,,,,,,,,,,,,,,,,,,,,,
500K-999.9K,$5.00,$5.00,$5.00,$4.00,$4.00,$4.00,$5.00,,1-999,$1.20,$1.20,$1.20,$1.00,$1.00,$1.00,$1.40,,,3B-5.9B,$1.14,$1.37,$1.84,$2.70,$3.56,$4.43,$6.16,$11.34,,,,,,,,,,,,,,,,,,,,,,,,22.5B-29.9B,$0.41,$0.44,$0.51,$0.57,,,,,,,,,,,,,,,,,,,,,,,,,,,,,,,,,,,,,,,,,,,,,,,,,,,,,,,,,,,,,,,,,,,,,,,,,,,,,,,,,,,,,,,,,,,,,,,,,,,,,,,,,,,,,,,,,,,,,,,,,,,,,,,,,,,,,,,,,,,,,,,,,,,,,,,,,,,,,
1M-4.9M,$4.50,$4.50,$4.50,$3.50,$3.50,$3.50,Hourly                                               (Marketplace Only),,"1,000 - 2,499",$1.17,$1.16,$1.14,$0.95,$0.95,$0.93,Hourly                     (Marketplace Only),,,6B-9.9B,$1.08,$1.29,$1.73,$2.55,$3.37,$4.18,$5.81,$10.71,,,,,,,,,,,,,,,,,,,,,,,,30B-59.9B,$0.39,$0.42,$0.49,$0.55,,,,,,,,,,,,,,,,,,,,,,,,,,,,,,,,,,,,,,,,Runtime Software Composition Analysis( SCA),M2M,M2M/Manager,M2M/Director,Annual,Annual/ Manager,Annual/ Director,On-Demand,,,,,,,,,,,,,,,,,,,,,,,,,,,,,,,,,,,,,,,,,,,,,,,,,,,,,,,,,,,,,,,,,,,,,,,,,,,,,,,,,,,,,,,,,,,,,,,,,,,,,,,,,,,,,,
5M-9.9M,$4.00,$4.00,$4.00,$3.00,$3.00,$3.00,$0.008 ,,"2,500 - 4,999",$1.14,$1.12,$1.08,$0.90,$0.90,$0.87,$0.002,,,10B-14.9B,$1.02,$1.22,$1.63,$2.40,$3.17,$3.94,$5.47,$10.08,,,,,,,,,,,,,,,,,,,,,,,,60B-99.9B,$0.38,$0.41,$0.47,$0.53,,,,,,,,,,,,,,,,,,,,,,,,,,,,,,,,,,,,,,,,1-499,$12.00,$12.00,$12.00,$10.00,$10.00,$9.40,Monthly,,,,,,,,,,,,,,,,,,,,,,,,,,,,,,,,,,,,,,,,,,,,,,,,,,,,,,,,,,,,,,,,,,,,,,,,,,,,,,,,,,,,,,,,,,,,,,,,,,,,,,,,,,,,,,
10M-19.9M,$3.50,$3.50,$3.50,$2.50,$2.50,$2.50,,,"5,000 - 9,999",$1.08,$1.04,$1.02,$0.85,$0.85,$0.83,,,,15B-22.49B,$0.95,$1.14,$1.53,$2.25,$2.97,$3.69,$5.13,$9.45,,,,,,,,,,,,,,,,,,,,,,,,100B-249.9B,$0.36,$0.39,$0.45,$0.51,,,,,,,,,,,,,,,,,,,,,,,,,,,,,,,,,,,,,,,,500-999,$11.60,$10.80,$10.00,$9.40,$8.70,$8.10,$15.00,,,,,,,,,,,,,,,,,,,,,,,,,,,,,,,,,,,,,,,,,,,,,,,,,,,,,,,,,,,,,,,,,,,,,,,,,,,,,,,,,,,,,,,,,,,,,,,,,,,,,,,,,,,,,,
20M-100M,$3.00,$3.00,$3.00,$1.00,$1.00,$1.00,,,"10,000-19,999",$1.02,$1.00,$0.96,$0.80,$0.80,$0.77,,,,22.5B-29.9B,$0.92,$1.10,$1.48,$2.18,$2.87,$3.57,$4.96,$9.14,,,,,,,,,,,,,,,,,,,,,,,,250B-499.9B,$0.33,$0.36,$0.41,$0.47,,,,,,,,,,,,,,,,,,,,,,,,,,,,,,,,,,,,,,,,"1,000-1,999",$10.80,$10.40,$9.60,$8.70,$8.40,$7.70,Hourly,,,,,,,,,,,,,,,,,,,,,,,,,,,,,,,,,,,,,,,,,,,,,,,,,,,,,,,,,,,,,,,,,,,,,,,,,,,,,,,,,,,,,,,,,,,,,,,,,,,,,,,,,,,,,,
,,,,,,,,,"20,000+",$0.96,$0.92,$0.90,$0.75,$0.75,$0.73,,,,30B-59.9B,$0.89,$1.06,$1.43,$2.10,$2.77,$3.44,$4.79,$8.82,,,,,,,,,,,,,,,,,,,,,,,,500B+,$0.30,$0.33,$0.38,$0.43,,,,,,,,,,,,,,,,,,,,,,,,,,,,,,,,,,,,,,,,"2,000-4,999",$10.00,$10.00,$9.20,$8.10,$8.10,$7.40,$0.025,,,,,,,,,,,,,,,,,,,,,,,,,,,,,,,,,,,,,,,,,,,,,,,,,,,,,,,,,,,,,,,,,,,,,,,,,,,,,,,,,,,,,,,,,,,,,,,,,,,,,,,,,,,,,,
,,,,,,,,,,,,,,,,,,,60B-99.9B,$0.86,$1.03,$1.38,$2.03,$2.67,$3.32,$4.62,$8.51,,,,,,,,,,,,,,,,,,,,,,,On-Demand,,15 days,30 days,60 days,90 days,,,,,,,,,,,,,,,,,,,,,,,,,,,,,,,,,,,,,,,,"5,000-9,999",$9.20,$9.20,$8.80,$7.40,$7.40,$7.10,,,,,,,,,,,,,,,,,,,,,,,,,,,,,,,,,,,,,,,,,,,,,,,,,,,,,,,,,,,,,,,,,,,,,,,,,,,,,,,,,,,,,,,,,,,,,,,,,,,,,,,,,,,,,,,
Custom Events/ per 100k,M2M,M2M/Manager,M2M/Director,Annual,Annual/ Manager,Annual/ Director,On-Demand,,Workload Protection Fargate Tasks ,M2M,M2M/Manager,M2M/Director,Annual,Annual/ Manager,Annual/ Director,On-Demand,,,100B - 249.9B,$0.83,$0.99,$1.33,$1.95,$2.57,$3.20,$4.45,$8.19,,,,,,,,,,,,,,,,,,,,,,,,,$0.86,$0.94,$1.08,$1.22,,,,,,,,,,,,,,,,,,,,,,,,,,,,,,,,,,,,,,,,"10,000-14,999",$8.80,$8.80,$7.60,$7.10,$7.10,$6.10,,,,,,,,,,,,,,,,,,,,,,,,,,,,,,,,,,,,,,,,,,,,,,,,,,,,,,,,,,,,,,,,,,,,,,,,,,,,,,,,,,,,,,,,,,,,,,,,,,,,,,,,,,,,,,,
<120M,$2.40,$2.28,$2.16,$2.00,$1.90,$1.80,$3.00,,1-999,$3.10,$3.10,$3.10,$2.60,$2.60,$2.60,$3.70,,,250B - 499.9B,$0.76,$0.91,$1.22,$1.80,$2.38,$2.95,$4.10,$7.56,,,,,,,,,,,,,,,,,,,,,,,M2M                               (Price per Million Events),Tier,15 days,30 days,60 days,90 days,,,,,,,,,,,,,,,,,,,,,,,,,,,,,,,,,,,,,,,,"15,000+",$8.00,$8.00,$6.80,$6.50,$6.50,$5.50,,,,,,,,,,,,,,,,,,,,,,,,,,,,,,,,,,,,,,,,,,,,,,,,,,,,,,,,,,,,,,,,,,,,,,,,,,,,,,,,,,,,,,,,,,,,,,,,,,,,,,,,,,,,,,,
120M-299M,$2.16,$2.04,$1.92,$1.80,$1.70,$1.60,,,"1,000 - 2,499",$3.02,$3.00,$2.95,$2.47,$2.47,$2.42,Hourly                             (Marketplace Only),,,500B+,$0.70,$0.84,$1.12,$1.65,$2.18,$2.71,$3.76,$6.93,,,,,,,,,,,,,,,,,,,,,,,Rep Level,<1.2B,$0.72,$0.78,$0.90,$1.02,,,,,,,,,,,,,,,,,,,,,,,,,,,,,,,,,,,,,,,,,,,,,,,,,,,,,,,,,,,,,,,,,,,,,,,,,,,,,,,,,,,,,,,,,,,,,,,,,,,,,,,,,,,,,,,,,,,,,,,,,,,,,,,,,,,,,,,,,,,,,,,,,,,,,,,,,,,,,
300M-599M,$2.04,$1.92,$1.80,$1.70,$1.60,$1.50,,,"2,500 - 4,999",$2.95,$2.88,$2.79,$2.34,$2.34,$2.26,$0.005,,Director Level,<1.2B,$1.27,$1.52,$2.04,$3.00,$3.96,$4.92,$6.84,$12.60,,,,,,,,,,,,,,,,,,,,,,,,1.2B-2.9B,$0.72,$0.78,$0.90,$1.02,,,,,,,,,,,,,,,,,,,,,,,,,,,,,,,,,,,,,,,,Runtime Code Analysis (IAST),,,,,,,,,,,,,,,,,,,,,,,,,,,,,,,,,,,,,,,,,,,,,,,,,,,,,,,,,,,,,,,,,,,,,,,,,,,,,,,,,,,,,,,,,,,,,,,,,,,,,,,,,,,,,,,,,,,,,
600M-999M,$1.92,$1.80,$1.68,$1.60,$1.50,$1.40,,,"5,000 - 9,999",$2.79,$2.70,$2.64,$2.21,$2.21,$2.16,,,,1.2B-2.9B,$1.14,$1.37,$1.84,$2.70,$3.56,$4.43,$6.16,$11.34,,,,,,,,,,,,,,,,,,,,,,,,3B-5.9B,$0.68,$0.74,$0.86,$0.97,,,,,,,,,,,,,,,,,,,,,,,,,,,,,,,,,,,,,,,,Runtime Code Analysis (IAST),M2M,M2M/Manager,M2M/Director,Annual,Annual/ Manager,Annual/ Director,On-Demand,,,,,,,,,,,,,,,,,,,,,,,,,,,,,,,,,,,,,,,,,,,,,,,,,,,,,,,,,,,,,,,,,,,,,,,,,,,,,,,,,,,,,,,,,,,,,,,,,,,,,,,,,,,,,,
"1,000M-1,499M",$1.80,$1.68,$1.56,$1.50,$1.40,$1.30,,,"10,000-19,999",$2.64,$2.57,$2.48,$2.08,$2.08,$2.00,,,,3B-5.9B,$1.08,$1.29,$1.73,$2.55,$3.37,$4.18,$5.81,$10.71,,,,,,,,,,,,,,,,,,,,,,,,6B-9.9B,$0.65,$0.70,$0.81,$0.92,,,,,,,,,,,,,,,,,,,,,,,,,,,,,,,,,,,,,,,,1-499,$24.00,$24.00,$24.00,$20.00,$20.00,$18.80,Monthly,,,,,,,,,,,,,,,,,,,,,,,,,,,,,,,,,,,,,,,,,,,,,,,,,,,,,,,,,,,,,,,,,,,,,,,,,,,,,,,,,,,,,,,,,,,,,,,,,,,,,,,,,,,,,,
"1,500M-2,249M",$1.68,$1.56,$1.44,$1.40,$1.30,$1.20,,,"20,000+",$2.48,$2.39,$2.33,$1.95,$1.95,$1.90,,,,6B-9.9B,$1.02,$1.22,$1.63,$2.40,$3.17,$3.94,$5.47,$10.08,,,,,,,,,,,,,,,,,,,,,,,,10B-14.9B,$0.61,$0.66,$0.77,$0.87,,,,,,,,,,,,,,,,,,,,,,,,,,,,,,,,,,,,,,,,500-999,$23.20,$21.60,$20.00,$18.80,$17.40,$16.20,$29.00,,,,,,,,,,,,,,,,,,,,,,,,,,,,,,,,,,,,,,,,,,,,,,,,,,,,,,,,,,,,,,,,,,,,,,,,,,,,,,,,,,,,,,,,,,,,,,,,,,,,,,,,,,,,,,
"2,250M-2,999M",$1.62,$1.50,$1.38,$1.35,$1.25,$1.15,,,,,,,,,,,,,10B-14.9B,$0.95,$1.14,$1.53,$2.25,$2.97,$3.69,$5.13,$9.45,,,,,,,,,,,,,,,,,,,,,,,,15B-22.49B,$0.58,$0.62,$0.72,$0.82,,,,,,,,,,,,,,,,,,,,,,,,,,,,,,,,,,,,,,,,"1,000-1,999",$21.60,$20.80,$19.20,$17.40,$16.80,$15.40,Hourly,,,,,,,,,,,,,,,,,,,,,,,,,,,,,,,,,,,,,,,,,,,,,,,,,,,,,,,,,,,,,,,,,,,,,,,,,,,,,,,,,,,,,,,,,,,,,,,,,,,,,,,,,,,,,,
"3,000M-5,999M",$1.56,$1.44,$1.32,$1.30,$1.20,$1.10,,,Profiled Containers,M2M,M2M/Manager,M2M/Director,Annual,Annual/ Manager,Annual/ Director,On-Demand,,,15B-22.49B,$0.89,$1.06,$1.43,$2.10,$2.77,$3.44,$4.79,$8.82,,,,,,,,,,,,,,,,,,,,,,,,22.5B-29.9B,$0.56,$0.60,$0.70,$0.79,,,,,,,,,,,,,,,,,,,,,,,,,,,,,,,,,,,,,,,,"2,000-4,999",$20.00,$20.00,$18.40,$16.20,$16.20,$14.80,$0.048,,,,,,,,,,,,,,,,,,,,,,,,,,,,,,,,,,,,,,,,,,,,,,,,,,,,,,,,,,,,,,,,,,,,,,,,,,,,,,,,,,,,,,,,,,,,,,,,,,,,,,,,,,,,,,
"6,000M-9,999M",$1.50,$1.38,$1.26,$1.25,$1.15,$1.05,,,1-999,$2.00 ,$2.00 ,$2.00 ,$2.00 ,$2.00,$2.00,Hourly,,,22.5B-29.9B,$0.86,$1.03,$1.38,$2.03,$2.67,$3.32,$4.62,$8.51,,,,,,,,,,,,,,,,,,,,,,,,30B-59.9B,$0.54,$0.59,$0.68,$0.77,,,,,,,,,,,,,,,,,,,,,,,,,,,,,,,,,,,,,,,,"5,000-9,999",$18.40,$18.40,$17.60,$14.80,$14.80,$14.20,,,,,,,,,,,,,,,,,,,,,,,,,,,,,,,,,,,,,,,,,,,,,,,,,,,,,,,,,,,,,,,,,,,,,,,,,,,,,,,,,,,,,,,,,,,,,,,,,,,,,,,,,,,,,,,
"10,000M+",$1.44,$1.32,$1.20,$1.20,$1.10,$1.00,,,"1,000-2,499",$2.00 ,$1.96 ,$1.90 ,$1.90,$1.90,$1.86,$0.004,,,30B-59.9B,$0.83,$0.99,$1.33,$1.95,$2.57,$3.20,$4.45,$8.19,,,,,,,,,,,,,,,,,,,,,,,,60B-99.9B,$0.52,$0.57,$0.65,$0.74,,,,,,,,,,,,,,,,,,,,,,,,,,,,,,,,,,,,,,,,"10,000-14,999",$17.60,$17.60,$15.20,$14.20,$14.20,$12.20,,,,,,,,,,,,,,,,,,,,,,,,,,,,,,,,,,,,,,,,,,,,,,,,,,,,,,,,,,,,,,,,,,,,,,,,,,,,,,,,,,,,,,,,,,,,,,,,,,,,,,,,,,,,,,,
,,,,,,,,,"2,500-4,999",$1.90 ,$1.86 ,$1.80 ,$1.80,$1.80,$1.74,,,,60B-99.9B,$0.79,$0.95,$1.28,$1.88,$2.48,$3.08,$4.28,$7.88,,,,,,,,,,,,,,,,,,,,,,,,100B - 249.9B,$0.50,$0.55,$0.63,$0.71,,,,,,,,,,,,,,,,,,,,,,,,,,,,,,,,,,,,,,,,"15,000+",$16.00,$16.00,$13.60,$13.00,$13.00,$11.00,,,,,,,,,,,,,,,,,,,,,,,,,,,,,,,,,,,,,,,,,,,,,,,,,,,,,,,,,,,,,,,,,,,,,,,,,,,,,,,,,,,,,,,,,,,,,,,,,,,,,,,,,,,,,,,
Containers,M2M,M2M/Manager,M2M/Director,Annual,Annual/ Manager,Annual/ Director,On-Demand,,"5,000-9,999",$1.80 ,$1.74 ,$1.70 ,$1.70,$1.70,$1.66,,,,100B - 249.9B,$0.76,$0.91,$1.22,$1.80,$2.38,$2.95,$4.10,$7.56,,,,,,,,,,,,,,,,,,,,,,,,250B - 499.9B,$0.47,$0.51,$0.59,$0.66,,,,,,,,,,,,,,,,,,,,,,,,,,,,,,,,,,,,,,,,,,,,,,,,,,,,,,,,,,,,,,,,,,,,,,,,,,,,,,,,,,,,,,,,,,,,,,,,,,,,,,,,,,,,,,,,,,,,,,,,,,,,,,,,,,,,,,,,,,,,,,,,,,,,,,,,,,,,,
1-999,$1.00 ,$1.00 ,$1.00 ,$1.00 ,$1.00 ,$1.00 ,Hourly,,"10,000-19,999",$1.70 ,$1.66 ,$1.60 ,$1.60,$1.60,$1.54,,,,250B - 499.9B,$0.70,$0.84,$1.12,$1.65,$2.18,$2.71,$3.76,$6.93,,,,,,,,,,,,,,,,,,,,,,,,500B+,$0.43,$0.47,$0.54,$0.61,,,,,,,,,,,,,,,,,,,,,,,,,,,,,,,,,,,,,,,,IaC Security,,,,,,,,,,,,,,,,,,,,,,,,,,,,,,,,,,,,,,,,,,,,,,,,,,,,,,,,,,,,,,,,,,,,,,,,,,,,,,,,,,,,,,,,,,,,,,,,,,,,,,,,,,,,,,,,,,,,,
"1,000-2,499",$1.00 ,$0.98 ,$0.95 ,$0.95 ,$0.95 ,$0.93 ,$0.002,,"20,000+",$1.60 ,$1.54 ,$1.50 ,$1.50,$1.50,$1.46,,,,500B+,$0.64,$0.76,$1.02,$1.50,$1.98,$2.46,$3.42,$6.30,,,,,,,,,,,,,,,,,,,,,,,Manager Level,<1.2B,$0.72,$0.78,$0.90,$1.02,,,,,,,,,,,,,,,,,,,,,,,,,,,,,,,,,,,,,,,,IaC ,M2M,M2M/Manager,M2M/Director,Annual,Annual/ Manager,Annual/ Director,On-Demand,,,,,,,,,,,,,,,,,,,,,,,,,,,,,,,,,,,,,,,,,,,,,,,,,,,,,,,,,,,,,,,,,,,,,,,,,,,,,,,,,,,,,,,,,,,,,,,,,,,,,,,,,,,,,,
"2,500-4,999",$0.95 ,$0.93 ,$0.90 ,$0.90 ,$0.90 ,$0.87 ,,,,,,,,,,,,Ingested Logs (Per GB),$0.10,,,,,,,,,,,,,,,,,,,,,,,,,,,,,,,,1.2B-2.9B,$0.68,$0.74,$0.86,$0.97,,,,,,,,,,,,,,,,,,,,,,,,,,,,,,,,,,,,,,,,1-99,$18.00,$18.00,$18.00,$15.00,$15.00,$15.00,Monthly,,,,,,,,,,,,,,,,,,,,,,,,,,,,,,,,,,,,,,,,,,,,,,,,,,,,,,,,,,,,,,,,,,,,,,,,,,,,,,,,,,,,,,,,,,,,,,,,,,,,,,,,,,,,,,
"5,000-9,999",$0.90 ,$0.87 ,$0.85 ,$0.85 ,$0.85 ,$0.83 ,,,Fargate Tasks (Continuous Profiler),M2M,M2M/Manager,M2M/Director,Annual,Annual/ Manager,Annual/ Director,On-Demand,,Ingested Spans (Per GB),$0.10,,,,,,,,,,,,,,,,,,,,,,,,,,,,,,,,3B-5.9B,$0.65,$0.70,$0.81,$0.92,,,,,,,,,,,,,,,,,,,,,,,,,,,,,,,,,,,,,,,,100-199,$18.00,$16.39,$15.67,$15.00,$13.65,$13.06,$22.00,,,,,,,,,,,,,,,,,,,,,,,,,,,,,,,,,,,,,,,,,,,,,,,,,,,,,,,,,,,,,,,,,,,,,,,,,,,,,,,,,,,,,,,,,,,,,,,,,,,,,,,,,,,,,,
"10,000-19,999",$0.85 ,$0.83 ,$0.80 ,$0.80 ,$0.80 ,$0.77 ,,,1-999,$1.40,$1.40,$1.40,$1.20,$1.20,$1.20,$1.70,,Logs Forwarding (Per GB),$0.25,,,,,,,,,,,,,,,,,,,,,,,,,,,,,,,,6B-9.9B,$0.61,$0.66,$0.77,$0.87,,,,,,,,,,,,,,,,,,,,,,,,,,,,,,,,,,,,,,,,200-499,$16.75,$14.92,$13.64,$13.96,$12.43,$11.37,Hourly,,,,,,,,,,,,,,,,,,,,,,,,,,,,,,,,,,,,,,,,,,,,,,,,,,,,,,,,,,,,,,,,,,,,,,,,,,,,,,,,,,,,,,,,,,,,,,,,,,,,,,,,,,,,,,
"20,000-49,999",$0.80 ,$0.77 ,$0.75 ,$0.75 ,$0.75 ,$0.73 ,,,"1,000 - 2,499",$1.37,$1.35,$1.33,$1.14,$1.14,$1.12,Hourly                      (Marketplace Only),,,,,,,,,,,,,,,,,,,,,,,,,,,,,,,,,,,10B-14.9B,$0.58,$0.62,$0.72,$0.82,,,,,,,,,,,,,,,,,,,,,,,,,,,,,,,,,,,,,,,,500-999,$15.59,$13.58,$11.88,$12.99,$11.31,$9.90,NA,,,,,,,,,,,,,,,,,,,,,,,,,,,,,,,,,,,,,,,,,,,,,,,,,,,,,,,,,,,,,,,,,,,,,,,,,,,,,,,,,,,,,,,,,,,,,,,,,,,,,,,,,,,,,,
"50,000-99,999",$0.77 ,$0.75 ,$0.73 ,$0.73 ,$0.73 ,$0.69 ,,,"2,500 - 4,999",$1.33,$1.30,$1.26,$1.08,$1.08,$1.04,$0.002,,,,,,,,,,,,,,,,,,,,,,,,,,,,,,,,,,,15B-22.49B,$0.54,$0.59,$0.68,$0.77,,,,,,,,,,,,,,,,,,,,,,,,,,,,,,,,,,,,,,,,1000-1999,$14.51,$12.36,$10.34,$12.09,$10.30,$8.62,,,,,,,,,,,,,,,,,,,,,,,,,,,,,,,,,,,,,,,,,,,,,,,,,,,,,,,,,,,,,,,,,,,,,,,,,,,,,,,,,,,,,,,,,,,,,,,,,,,,,,,,,,,,,,,
"100,000+",$0.75 ,$0.73 ,$0.70 ,$0.70 ,$0.70 ,$0.66 ,,,"5,000 - 9,999",$1.26,$1.22,$1.19,$1.02,$1.02,$1.00,,,,,,,,,,,,,,,,,,,,,,,,,,,,,,,,,,,,22.5B-29.9B,$0.52,$0.57,$0.65,$0.74,,,,,,,,,,,,,,,,,,,,,,,,,,,,,,,,,,,,,,,,2000+,$13.50,$11.25,$9.00,$11.25,$9.38,$7.50,,,,,,,,,,,,,,,,,,,,,,,,,,,,,,,,,,,,,,,,,,,,,,,,,,,,,,,,,,,,,,,,,,,,,,,,,,,,,,,,,,,,,,,,,,,,,,,,,,,,,,,,,,,,,,,
,,,,,,,,,"10,000-19,999",$1.19,$1.16,$1.12,$0.96,$0.96,$0.92,,,,,,,,,,,,,,,,,,,,,,,,,,,,,,,,,,,,30B-59.9B,$0.50,$0.55,$0.63,$0.71,,,,,,,,,,,,,,,,,,,,,,,,,,,,,,,,,,,,,,,,,,,,,,,,,,,,,,,,,,,,,,,,,,,,,,,,,,,,,,,,,,,,,,,,,,,,,,,,,,,,,,,,,,,,,,,,,,,,,,,,,,,,,,,,,,,,,,,,,,,,,,,,,,,,,,,,,,,,,
IoT Device Monitoring,,,,,,,,,"20,000+",$1.12,$1.08,$1.05,$0.90,$0.90,$0.88,,,,,,,,,,,,,,,,,,,,,,,,,,,,,,,,,,,,60B-99.9B,$0.49,$0.53,$0.61,$0.69,,,,,,,,,,,,,,,,,,,,,,,,,,,,,,,,,,,,,,,,,,,,,,,,,,,,,,,,,,,,,,,,,,,,,,,,,,,,,,,,,,,,,,,,,,,,,,,,,,,,,,,,,,,,,,,,,,,,,,,,,,,,,,,,,,,,,,,,,,,,,,,,,,,,,,,,,,,,,
IoT,M2M,M2M/Manager,M2M/Director,Annual,Annual/ Manager,Annual/ Director,On-Demand,,,,,,,,,,,,,,,,,,,,,,,,,,,,,,,,,,,,,,,,,,,,100B - 249.9B,$0.47,$0.51,$0.59,$0.66,,,,,,,,,,,,,,,,,,,,,,,,,,,,,,,,,,,,,,,,,,,,,,,,,,,,,,,,,,,,,,,,,,,,,,,,,,,,,,,,,,,,,,,,,,,,,,,,,,,,,,,,,,,,,,,,,,,,,,,,,,,,,,,,,,,,,,,,,,,,,,,,,,,,,,,,,,,,,
1-99,$6.00,$6.00,$6.00,$5.00,$5.00,$5.00,Monthly,,,,,,,,,,,,,,,,,,,,,,,,,,,,,,,,,,,,,,,,,,,,250B - 499.9B,$0.43,$0.47,$0.54,$0.61,,,,,,,,,,,,,,,,,,,,,,,,,,,,,,,,,,,,,,,,,,,,,,,,,,,,,,,,,,,,,,,,,,,,,,,,,,,,,,,,,,,,,,,,,,,,,,,,,,,,,,,,,,,,,,,,,,,,,,,,,,,,,,,,,,,,,,,,,,,,,,,,,,,,,,,,,,,,,
100-499,$6.00,$5.80,$5.40,$5.00,$5.00,$4.50,$7.20,,,,,,,,,,,,,,,,,,,,,,,,,,,,,,,,,,,,,,,,,,,,500B+,$0.40,$0.43,$0.50,$0.56,,,,,,,,,,,,,,,,,,,,,,,,,,,,,,,,,,,,,,,,,,,,,,,,,,,,,,,,,,,,,,,,,,,,,,,,,,,,,,,,,,,,,,,,,,,,,,,,,,,,,,,,,,,,,,,,,,,,,,,,,,,,,,,,,,,,,,,,,,,,,,,,,,,,,,,,,,,,,
500-999,$5.80,$5.60,$4.80,$4.90,$4.70,$4.00,Hourly,,,,,,,,,,,,,,,,,,,,,,,,,,,,,,,,,,,,,,,,,,,Director Level,<1.2B,$0.72,$0.78,$0.90,$1.02,,,,,,,,,,,,,,,,,,,,,,,,,,,,,,,,,,,,,,,,,,,,,,,,,,,,,,,,,,,,,,,,,,,,,,,,,,,,,,,,,,,,,,,,,,,,,,,,,,,,,,,,,,,,,,,,,,,,,,,,,,,,,,,,,,,,,,,,,,,,,,,,,,,,,,,,,,,,,
"1,000-1,999",$5.80,$5.20,$4.60,$4.90,$4.30,$3.80,$0.010,,,,,,,,,,,,,,,,,,,,,,,,,,,,,,,,,,,,,,,,,,,,1.2B-2.9B,$0.65,$0.70,$0.81,$0.92,,,,,,,,,,,,,,,,,,,,,,,,,,,,,,,,,,,,,,,,,,,,,,,,,,,,,,,,,,,,,,,,,,,,,,,,,,,,,,,,,,,,,,,,,,,,,,,,,,,,,,,,,,,,,,,,,,,,,,,,,,,,,,,,,,,,,,,,,,,,,,,,,,,,,,,,,,,,,
"2,000-3,999",$5.60,$4.80,$4.20,$4.70,$4.00,$3.50,,,,,,,,,,,,,,,,,,,,,,,,,,,,,,,,,,,,,,,,,,,,,3B-5.9B,$0.61,$0.66,$0.77,$0.87,,,,,,,,,,,,,,,,,,,,,,,,,,,,,,,,,,,,,,,,,,,,,,,,,,,,,,,,,,,,,,,,,,,,,,,,,,,,,,,,,,,,,,,,,,,,,,,,,,,,,,,,,,,,,,,,,,,,,,,,,,,,,,,,,,,,,,,,,,,,,,,,,,,,,,,,,,,,,
"4,000-6,999",$5.60,$4.60,$4.00,$4.70,$3.80,$3.40,,,,,,,,,,,,,,,,,,,,,,,,,,,,,,,,,,,,,,,,,,,,,6B-9.9B,$0.58,$0.62,$0.72,$0.82,,,,,,,,,,,,,,,,,,,,,,,,,,,,,,,,,,,,,,,,,,,,,,,,,,,,,,,,,,,,,,,,,,,,,,,,,,,,,,,,,,,,,,,,,,,,,,,,,,,,,,,,,,,,,,,,,,,,,,,,,,,,,,,,,,,,,,,,,,,,,,,,,,,,,,,,,,,,,
"7,000-9,999",$5.40,$4.40,$3.70,$4.50,$3.70,$3.20,,,,,,,,,,,,,,,,,,,,,,,,,,,,,,,,,,,,,,,,,,,,,10B-14.9B,$0.54,$0.59,$0.68,$0.77,,,,,,,,,,,,,,,,,,,,,,,,,,,,,,,,,,,,,,,,,,,,,,,,,,,,,,,,,,,,,,,,,,,,,,,,,,,,,,,,,,,,,,,,,,,,,,,,,,,,,,,,,,,,,,,,,,,,,,,,,,,,,,,,,,,,,,,,,,,,,,,,,,,,,,,,,,,,,
"10,000-14,999",$5.20,$4.20,$3.60,$4.30,$3.50,$3.00,,,,,,,,,,,,,,,,,,,,,,,,,,,,,,,,,,,,,,,,,,,,,15B-22.49B,$0.50,$0.55,$0.63,$0.71,,,,,,,,,,,,,,,,,,,,,,,,,,,,,,,,,,,,,,,,,,,,,,,,,,,,,,,,,,,,,,,,,,,,,,,,,,,,,,,,,,,,,,,,,,,,,,,,,,,,,,,,,,,,,,,,,,,,,,,,,,,,,,,,,,,,,,,,,,,,,,,,,,,,,,,,,,,,,
"15,000+",$4.80,$4.00,$3.20,$4.00,$3.40,$2.60,,,,,,,,,,,,,,,,,,,,,,,,,,,,,,,,,,,,,,,,,,,,,22.5B-29.9B,$0.49,$0.53,$0.61,$0.69,,,,,,,,,,,,,,,,,,,,,,,,,,,,,,,,,,,,,,,,,,,,,,,,,,,,,,,,,,,,,,,,,,,,,,,,,,,,,,,,,,,,,,,,,,,,,,,,,,,,,,,,,,,,,,,,,,,,,,,,,,,,,,,,,,,,,,,,,,,,,,,,,,,,,,,,,,,,,
,,,,,,,,,,,,,,,,,,,,,,,,,,,,,,,,,,,,,,,,,,,,,,,,,,,30B-59.9B,$0.47,$0.51,$0.59,$0.66,,,,,,,,,,,,,,,,,,,,,,,,,,,,,,,,,,,,,,,,,,,,,,,,,,,,,,,,,,,,,,,,,,,,,,,,,,,,,,,,,,,,,,,,,,,,,,,,,,,,,,,,,,,,,,,,,,,,,,,,,,,,,,,,,,,,,,,,,,,,,,,,,,,,,,,,,,,,,
Universal Service Monitoring,,,,,,,,,,,,,,,,,,,,,,,,,,,,,,,,,,,,,,,,,,,,,,,,,,,60B-99.9B,$0.45,$0.49,$0.56,$0.64,,,,,,,,,,,,,,,,,,,,,,,,,,,,,,,,,,,,,,,,,,,,,,,,,,,,,,,,,,,,,,,,,,,,,,,,,,,,,,,,,,,,,,,,,,,,,,,,,,,,,,,,,,,,,,,,,,,,,,,,,,,,,,,,,,,,,,,,,,,,,,,,,,,,,,,,,,,,,
⚠️ THE NUMBER OF USM HOSTS PURCHASED MUST BE EQUAL TO THE NUMBER OF INFRASTRUCTURE HOSTS PURCHASED ⚠️,,,,,,,,,,,,,,,,,,,,,,,,,,,,,,,,,,,,,,,,,,,,,,,,,,,100B - 249.9B,$0.43,$0.47,$0.54,$0.61,,,,,,,,,,,,,,,,,,,,,,,,,,,,,,,,,,,,,,,,,,,,,,,,,,,,,,,,,,,,,,,,,,,,,,,,,,,,,,,,,,,,,,,,,,,,,,,,,,,,,,,,,,,,,,,,,,,,,,,,,,,,,,,,,,,,,,,,,,,,,,,,,,,,,,,,,,,,,
USM Hosts,M2M,M2M/Manager,M2M/Director,Annual,Annual/ Manager,Annual/ Director,On-Demand,,,,,,,,,,,,,,,,,,,,,,,,,,,,,,,,,,,,,,,,,,,,250B - 499.9B,$0.40,$0.43,$0.50,$0.56,,,,,,,,,,,,,,,,,,,,,,,,,,,,,,,,,,,,,,,,,,,,,,,,,,,,,,,,,,,,,,,,,,,,,,,,,,,,,,,,,,,,,,,,,,,,,,,,,,,,,,,,,,,,,,,,,,,,,,,,,,,,,,,,,,,,,,,,,,,,,,,,,,,,,,,,,,,,,
1-99,$10.80,$10.80,$10.80,$9.00,$9.00,$9.00,Monthly,,,,,,,,,,,,,,,,,,,,,,,,,,,,,,,,,,,,,,,,,,,,500B+,$0.36,$0.39,$0.45,$0.51,,,,,,,,,,,,,,,,,,,,,,,,,,,,,,,,,,,,,,,,,,,,,,,,,,,,,,,,,,,,,,,,,,,,,,,,,,,,,,,,,,,,,,,,,,,,,,,,,,,,,,,,,,,,,,,,,,,,,,,,,,,,,,,,,,,,,,,,,,,,,,,,,,,,,,,,,,,,,
100-499,$10.80,$10.41,$10.27,$9.00,$8.64,$8.49,$13.00,,,,,,,,,,,,,,,,,,,,,,,,,,,,,,,,,,,,,,,,,,,,,,,,,,,,,,,,,,,,,,,,,,,,,,,,,,,,,,,,,,,,,,,,,,,,,,,,,,,,,,,,,,,,,,,,,,,,,,,,,,,,,,,,,,,,,,,,,,,,,,,,,,,,,,,,,,,,,,,,,,,,,,,,,,,,,,,,,,,,,,,,,,,,,,,,,,,,,,,,,,,,,
500-999,$10.52,$10.04,$9.76,$8.75,$8.30,$8.00,Hourly,,,,,,,,,,,,,,,,,,,,,,,,,,,,,,,,,,,,,,,,,,,NDM - Wireless Access Points,M2M,M2M/Manager,M2M/Director,Annual,Annual/ Manager,Annual/ Director,On-Demand,,,,,,,,,,,,,,,,,,,,,,,,,,,,,,,,,,,,,,,,,,,,,,,,,,,,,,,,,,,,,,,,,,,,,,,,,,,,,,,,,,,,,,,,,,,,,,,,,,,,,,,,,,,,,,,,,,,,,,,,,,,,,,,,,,,,,,,,,,,,,,,,,,,,,,,,,,,
"1,000-1,999",$10.24,$9.68,$9.27,$8.51,$7.97,$7.55,$0.022,,,,,,,,,,,,,,,,,,,,,,,,,,,,,,,,,,,,,,,,,,,1-99,$4.80 ,$4.80 ,$4.80 ,$4.00,$4.00 ,$4.00 ,Monthly,,,,,,,,,,,,,,,,,,,,,,,,,,,,,,,,,,,,,,,,,,,,,,,,,,,,,,,,,,,,,,,,,,,,,,,,,,,,,,,,,,,,,,,,,,,,,,,,,,,,,,,,,,,,,,,,,,,,,,,,,,,,,,,,,,,,,,,,,,,,,,,,,,,,,,,,,,,
"2,000-3,999",$9.97,$9.33,$8.81,$8.28,$7.65,$7.11,,,,,,,,,,,,,,,,,,,,,,,,,,,,,,,,,,,,,,,,,,,,100-499,$4.80 ,$4.22 ,$4.11 ,$4.00 ,$3.52 ,$3.43 ,$5.76 ,,,,,,,,,,,,,,,,,,,,,,,,,,,,,,,,,,,,,,,,,,,,,,,,,,,,,,,,,,,,,,,,,,,,,,,,,,,,,,,,,,,,,,,,,,,,,,,,,,,,,,,,,,,,,,,,,,,,,,,,,,,,,,,,,,,,,,,,,,,,,,,,,,,,,,,,,,,
"4,000-6,999",$9.71,$9.00,$8.38,$8.05,$7.35,$6.71,,,,,,,,,,,,,,,,,,,,,,,,,,,,,,,,,,,,,,,,,,,,500-999,$4.25 ,$3.71 ,$3.53 ,$3.54 ,$3.09 ,$2.94 ,Hourly,,,,,,,,,,,,,,,,,,,,,,,,,,,,,,,,,,,,,,,,,,,,,,,,,,,,,,,,,,,,,,,,,,,,,,,,,,,,,,,,,,,,,,,,,,,,,,,,,,,,,,,,,,,,,,,,,,,,,,,,,,,,,,,,,,,,,,,,,,,,,,,,,,,,,,,,,,,
"7,000-9,999",$9.45,$8.68,$7.96,$7.83,$7.06,$6.33,,,,,,,,,,,,,,,,,,,,,,,,,,,,,,,,,,,,,,,,,,,,"1,000-1,999",$3.76 ,$3.26 ,$3.02 ,$3.13 ,$2.71 ,$2.52 ,N/A,,,,,,,,,,,,,,,,,,,,,,,,,,,,,,,,,,,,,,,,,,,,,,,,,,,,,,,,,,,,,,,,,,,,,,,,,,,,,,,,,,,,,,,,,,,,,,,,,,,,,,,,,,,,,,,,,,,,,,,,,,,,,,,,,,,,,,,,,,,,,,,,,,,,,,,,,,,
"10,000-14,999",$9.21,$8.37,$7.57,$7.61,$6.78,$5.96,,,,,,,,,,,,,,,,,,,,,,,,,,,,,,,,,,,,,,,,,,,,"2,000-3,999",$3.32 ,$2.86 ,$2.59 ,$2.77 ,$2.39 ,$2.16 ,,,,,,,,,,,,,,,,,,,,,,,,,,,,,,,,,,,,,,,,,,,,,,,,,,,,,,,,,,,,,,,,,,,,,,,,,,,,,,,,,,,,,,,,,,,,,,,,,,,,,,,,,,,,,,,,,,,,,,,,,,,,,,,,,,,,,,,,,,,,,,,,,,,,,,,,,,,,
"15,000 - 24,999",$8.96,$8.07,$7.19,$7.40,$6.51,$5.62,,,,,,,,,,,,,,,,,,,,,,,,,,,,,,,,,,,,,,,,,,,,"4,000-6,999",$2.94 ,$2.52 ,$2.22 ,$2.45 ,$2.10 ,$1.85 ,,,,,,,,,,,,,,,,,,,,,,,,,,,,,,,,,,,,,,,,,,,,,,,,,,,,,,,,,,,,,,,,,,,,,,,,,,,,,,,,,,,,,,,,,,,,,,,,,,,,,,,,,,,,,,,,,,,,,,,,,,,,,,,,,,,,,,,,,,,,,,,,,,,,,,,,,,,,
"25,000 - 49,999",$8.73,$7.78,$6.84,$7.20 ,$6.25,$5.30,,,,,,,,,,,,,,,,,,,,,,,,,,,,,,,,,,,,,,,,,,,,"7,000-14,999",$2.60 ,$2.21 ,$1.90 ,$2.17 ,$1.84 ,$1.59 ,,,,,,,,,,,,,,,,,,,,,,,,,,,,,,,,,,,,,,,,,,,,,,,,,,,,,,,,,,,,,,,,,,,,,,,,,,,,,,,,,,,,,,,,,,,,,,,,,,,,,,,,,,,,,,,,,,,,,,,,,,,,,,,,,,,,,,,,,,,,,,,,,,,,,,,,,,,,
"50,000 +",$8.50 ,$7.50,$6.50,$7.00 ,$6.00,$5.00,,,,,,,,,,,,,,,,,,,,,,,,,,,,,,,,,,,,,,,,,,,,"15,000-29,999",$2.30 ,$1.94 ,$1.63 ,$1.92 ,$1.62 ,$1.36 ,,,,,,,,,,,,,,,,,,,,,,,,,,,,,,,,,,,,,,,,,,,,,,,,,,,,,,,,,,,,,,,,,,,,,,,,,,,,,,,,,,,,,,,,,,,,,,,,,,,,,,,,,,,,,,,,,,,,,,,,,,,,,,,,,,,,,,,,,,,,,,,,,,,,,,,,,,,,
,,,,,,,,,,,,,,,,,,,,,,,,,,,,,,,,,,,,,,,,,,,,,,,,,,"30,000-49,999",$2.03 ,$1.71 ,$1.40 ,$1.70 ,$1.42 ,$1.17 ,,,,,,,,,,,,,,,,,,,,,,,,,,,,,,,,,,,,,,,,,,,,,,,,,,,,,,,,,,,,,,,,,,,,,,,,,,,,,,,,,,,,,,,,,,,,,,,,,,,,,,,,,,,,,,,,,,,,,,,,,,,,,,,,,,,,,,,,,,,,,,,,,,,,,,,,,,,,
Infra DevSecOps Bundles,,,,,,,,,,,,,,,,,,,,,,,,,,,,,,,,,,,,,,,,,,,,,,,,,,"50,000 +",$1.80 ,$1.50 ,$1.20 ,$1.50 ,$1.25 ,$1.00 ,,,,,,,,,,,,,,,,,,,,,,,,,,,,,,,,,,,,,,,,,,,,,,,,,,,,,,,,,,,,,,,,,,,,,,,,,,,,,,,,,,,,,,,,,,,,,,,,,,,,,,,,,,,,,,,,,,,,,,,,,,,,,,,,,,,,,,,,,,,,,,,,,,,,,,,,,,,,
Pro DevSecOps ( Pro + CSM Pro ),,,,,,,,,,,,,,,,,,,,,,,,,,,,,,,,,,,,,,,,,,,,,,,,,,Please email network-product@ for non-meraki wireless APs,,,,,,,,,,,,,,,,,,,,,,,,,,,,,,,,,,,,,,,,,,,,,,,,,,,,,,,,,,,,,,,,,,,,,,,,,,,,,,,,,,,,,,,,,,,,,,,,,,,,,,,,,,,,,,,,,,,,,,,,,,,,,,,,,,,,,,,,,,,,,,,,,,,,,,,,,,,,,,,,,,
"Pro
DevSecOps",M2M,M2M/Manager,M2M/Director,Annual,Annual/ Manager,Annual/ Director,On-Demand,,,,,,,,,,,,,,,,,,,,,,,,,,,,,,,,,,,,,,,,,,,,,,,,,,,,,,,,,,,,,,,,,,,,,,,,,,,,,,,,,,,,,,,,,,,,,,,,,,,,,,,,,,,,,,,,,,,,,,,,,,,,,,,,,,,,,,,,,,,,,,,,,,,,,,,,,,,,,,,,,,,,,,,,,,,,,,,,,,,,,,,,,,,,,,,,,,,,,,,,,,,,,
1-99,$27.00 ,$27.00,$27.00,$22.00 ,$22.00 ,$22.00 ,Monthly,,,,,,,,,,,,,,,,,,,,,,,,,,,,,,,,,,,,,,,,,,,,,,,,,,,,,,,,,,,,,,,,,,,,,,,,,,,,,,,,,,,,,,,,,,,,,,,,,,,,,,,,,,,,,,,,,,,,,,,,,,,,,,,,,,,,,,,,,,,,,,,,,,,,,,,,,,,,,,,,,,,,,,,,,,,,,,,,,,,,,,,,,,,,,,,,,,,,,,,,,,,,,
100-499,$27.00 ,$25.95 ,$25.35 ,$22.00 ,$21.12 ,$20.68 ,$27.00 ,,,,,,,,,,,,,,,,,,,,,,,,,,,,,,,,,,,,,,,,,,,,,,,,,,,,,,,,,,,,,,,,,,,,,,,,,,,,,,,,,,,,,,,,,,,,,,,,,,,,,,,,,,,,,,,,,,,,,,,,,,,,,,,,,,,,,,,,,,,,,,,,,,,,,,,,,,,,,,,,,,,,,,,,,,,,,,,,,,,,,,,,,,,,,,,,,,,,,,,,,,,,,
500-999,$26.40 ,$24.90 ,$23.85 ,$21.41 ,$20.24 ,$19.36 ,Hourly,,,,,,,,,,,,,,,,,,,,,,,,,,,,,,,,,,,,,,,,,,,,,,,,,,,,,,,,,,,,,,,,,,,,,,,,,,,,,,,,,,,,,,,,,,,,,,,,,,,,,,,,,,,,,,,,,,,,,,,,,,,,,,,,,,,,,,,,,,,,,,,,,,,,,,,,,,,,,,,,,,,,,,,,,,,,,,,,,,,,,,,,,,,,,,,,,,,,,,,,,,,,,
"1,000-1,999",$25.65 ,$23.85 ,$22.35 ,$20.97 ,$19.51 ,$18.19 ,$0.045 ,,,,,,,,,,,,,,,,,,,,,,,,,,,,,,,,,,,,,,,,,,,,,,,,,,,,,,,,,,,,,,,,,,,,,,,,,,,,,,,,,,,,,,,,,,,,,,,,,,,,,,,,,,,,,,,,,,,,,,,,,,,,,,,,,,,,,,,,,,,,,,,,,,,,,,,,,,,,,,,,,,,,,,,,,,,,,,,,,,,,,,,,,,,,,,,,,,,,,,,,,,,,,
"2,000-3,999",$25.05 ,$22.95 ,$21.00 ,$20.39 ,$18.70 ,$17.16 ,,,,,,,,,,,,,,,,,,,,,,,,,,,,,,,,,,,,,,,,,,,,,,,,,,,,,,,,,,,,,,,,,,,,,,,,,,,,,,,,,,,,,,,,,,,,,,,,,,,,,,,,,,,,,,,,,,,,,,,,,,,,,,,,,,,,,,,,,,,,,,,,,,,,,,,,,,,,,,,,,,,,,,,,,,,,,,,,,,,,,,,,,,,,,,,,,,,,,,,,,,,,,,
"4,000-6,999",$24.45 ,$22.05 ,$19.73 ,$19.95 ,$17.97 ,$16.06 ,,,,,,,,,,,,,,,,,,,,,,,,,,,,,,,,,,,,,,,,,,,,,,,,,,,,,,,,,,,,,,,,,,,,,,,,,,,,,,,,,,,,,,,,,,,,,,,,,,,,,,,,,,,,,,,,,,,,,,,,,,,,,,,,,,,,,,,,,,,,,,,,,,,,,,,,,,,,,,,,,,,,,,,,,,,,,,,,,,,,,,,,,,,,,,,,,,,,,,,,,,,,,,
"7,000-9,999",$23.85 ,$21.15 ,$18.45 ,$19.43 ,$17.31 ,$15.11 ,,,,,,,,,,,,,,,,,,,,,,,,,,,,,,,,,,,,,,,,,,,,,,,,,,,,,,,,,,,,,,,,,,,,,,,,,,,,,,,,,,,,,,,,,,,,,,,,,,,,,,,,,,,,,,,,,,,,,,,,,,,,,,,,,,,,,,,,,,,,,,,,,,,,,,,,,,,,,,,,,,,,,,,,,,,,,,,,,,,,,,,,,,,,,,,,,,,,,,,,,,,,,,
"10,000-14,999",$23.25 ,$20.33 ,$17.40 ,$18.92 ,$16.57 ,$14.23 ,,,,,,,,,,,,,,,,,,,,,,,,,,,,,,,,,,,,,,,,,,,,,,,,,,,,,,,,,,,,,,,,,,,,,,,,,,,,,,,,,,,,,,,,,,,,,,,,,,,,,,,,,,,,,,,,,,,,,,,,,,,,,,,,,,,,,,,,,,,,,,,,,,,,,,,,,,,,,,,,,,,,,,,,,,,,,,,,,,,,,,,,,,,,,,,,,,,,,,,,,,,,,,
"15,000 - 24,999",$22.65 ,$19.50 ,$16.35 ,$18.48 ,$15.84 ,$13.35 ,,,,,,,,,,,,,,,,,,,,,,,,,,,,,,,,,,,,,,,,,,,,,,,,,,,,,,,,,,,,,,,,,,,,,,,,,,,,,,,,,,,,,,,,,,,,,,,,,,,,,,,,,,,,,,,,,,,,,,,,,,,,,,,,,,,,,,,,,,,,,,,,,,,,,,,,,,,,,,,,,,,,,,,,,,,,,,,,,,,,,,,,,,,,,,,,,,,,,,,,,,,,,,
"25,000 - 49,999",$22.20 ,$18.75 ,$15.30 ,$18.04 ,$15.25 ,$12.47 ,,,,,,,,,,,,,,,,,,,,,,,,,,,,,,,,,,,,,,,,,,,,,,,,,,,,,,,,,,,,,,,,,,,,,,,,,,,,,,,,,,,,,,,,,,,,,,,,,,,,,,,,,,,,,,,,,,,,,,,,,,,,,,,,,,,,,,,,,,,,,,,,,,,,,,,,,,,,,,,,,,,,,,,,,,,,,,,,,,,,,,,,,,,,,,,,,,,,,,,,,,,,,,
"50,000 +",$21.60 ,$18.00 ,$14.40 ,$17.60 ,$14.67 ,$11.73 ,,,,,,,,,,,,,,,,,,,,,,,,,,,,,,,,,,,,,,,,,,,,,,,,,,,,,,,,,,,,,,,,,,,,,,,,,,,,,,,,,,,,,,,,,,,,,,,,,,,,,,,,,,,,,,,,,,,,,,,,,,,,,,,,,,,,,,,,,,,,,,,,,,,,,,,,,,,,,,,,,,,,,,,,,,,,,,,,,,,,,,,,,,,,,,,,,,,,,,,,,,,,,,
,,,,,,,,,,,,,,,,,,,,,,,,,,,,,,,,,,,,,,,,,,,,,,,,,,,,,,,,,,,,,,,,,,,,,,,,,,,,,,,,,,,,,,,,,,,,,,,,,,,,,,,,,,,,,,,,,,,,,,,,,,,,,,,,,,,,,,,,,,,,,,,,,,,,,,,,,,,,,,,,,,,,,,,,,,,,,,,,,,,,,,,,,,,,,,,,,,,,,,,,,,,,,,,,,,,,
Pro+ DevSecOps ( Pro+ + CSM Pro ),,,,,,,,,,,,,,,,,,,,,,,,,,,,,,,,,,,,,,,,,,,,,,,,,,,,,,,,,,,,,,,,,,,,,,,,,,,,,,,,,,,,,,,,,,,,,,,,,,,,,,,,,,,,,,,,,,,,,,,,,,,,,,,,,,,,,,,,,,,,,,,,,,,,,,,,,,,,,,,,,,,,,,,,,,,,,,,,,,,,,,,,,,,,,,,,,,,,,,,,,,,,,,,,,,,,
"Pro + 
DevSecOps",M2M,M2M/Manager,M2M/Director,Annual,Annual/ Manager,Annual/ Director,On-Demand,,,,,,,,,,,,,,,,,,,,,,,,,,,,,,,,,,,,,,,,,,,,,,,,,,,,,,,,,,,,,,,,,,,,,,,,,,,,,,,,,,,,,,,,,,,,,,,,,,,,,,,,,,,,,,,,,,,,,,,,,,,,,,,,,,,,,,,,,,,,,,,,,,,,,,,,,,,,,,,,,,,,,,,,,,,,,,,,,,,,,,,,,,,,,,,,,,,,,,,,,,,,,
1-99,$30.00,$30.00,$30.00,$25.00 ,$25.00 ,$25.00 ,Monthly,,,,,,,,,,,,,,,,,,,,,,,,,,,,,,,,,,,,,,,,,,,,,,,,,,,,,,,,,,,,,,,,,,,,,,,,,,,,,,,,,,,,,,,,,,,,,,,,,,,,,,,,,,,,,,,,,,,,,,,,,,,,,,,,,,,,,,,,,,,,,,,,,,,,,,,,,,,,,,,,,,,,,,,,,,,,,,,,,,,,,,,,,,,,,,,,,,,,,,,,,,,,,
100-499,$30.00,$28.95,$28.35,$25.00 ,$24.12 ,$23.68 ,$30.00 ,,,,,,,,,,,,,,,,,,,,,,,,,,,,,,,,,,,,,,,,,,,,,,,,,,,,,,,,,,,,,,,,,,,,,,,,,,,,,,,,,,,,,,,,,,,,,,,,,,,,,,,,,,,,,,,,,,,,,,,,,,,,,,,,,,,,,,,,,,,,,,,,,,,,,,,,,,,,,,,,,,,,,,,,,,,,,,,,,,,,,,,,,,,,,,,,,,,,,,,,,,,,,
500-999,$29.40,$27.90,$26.85,$24.41 ,$23.24 ,$22.36 ,Hourly,,,,,,,,,,,,,,,,,,,,,,,,,,,,,,,,,,,,,,,,,,,,,,,,,,,,,,,,,,,,,,,,,,,,,,,,,,,,,,,,,,,,,,,,,,,,,,,,,,,,,,,,,,,,,,,,,,,,,,,,,,,,,,,,,,,,,,,,,,,,,,,,,,,,,,,,,,,,,,,,,,,,,,,,,,,,,,,,,,,,,,,,,,,,,,,,,,,,,,,,,,,,,
"1,000 - 1,999",$28.65,$26.85,$25.35,$23.97 ,$22.51 ,$21.19 ,$0.050 ,,,,,,,,,,,,,,,,,,,,,,,,,,,,,,,,,,,,,,,,,,,,,,,,,,,,,,,,,,,,,,,,,,,,,,,,,,,,,,,,,,,,,,,,,,,,,,,,,,,,,,,,,,,,,,,,,,,,,,,,,,,,,,,,,,,,,,,,,,,,,,,,,,,,,,,,,,,,,,,,,,,,,,,,,,,,,,,,,,,,,,,,,,,,,,,,,,,,,,,,,,,,,
"2,000 - 3,999",$28.05,$25.95,$24.00,$23.39 ,$21.70 ,$20.16 ,,,,,,,,,,,,,,,,,,,,,,,,,,,,,,,,,,,,,,,,,,,,,,,,,,,,,,,,,,,,,,,,,,,,,,,,,,,,,,,,,,,,,,,,,,,,,,,,,,,,,,,,,,,,,,,,,,,,,,,,,,,,,,,,,,,,,,,,,,,,,,,,,,,,,,,,,,,,,,,,,,,,,,,,,,,,,,,,,,,,,,,,,,,,,,,,,,,,,,,,,,,,,,
"4,000 - 6,999",$27.45,$25.05,$22.73,$22.95 ,$20.97 ,$19.06 ,,,,,,,,,,,,,,,,,,,,,,,,,,,,,,,,,,,,,,,,,,,,,,,,,,,,,,,,,,,,,,,,,,,,,,,,,,,,,,,,,,,,,,,,,,,,,,,,,,,,,,,,,,,,,,,,,,,,,,,,,,,,,,,,,,,,,,,,,,,,,,,,,,,,,,,,,,,,,,,,,,,,,,,,,,,,,,,,,,,,,,,,,,,,,,,,,,,,,,,,,,,,,,
"7,000 - 9,999",$26.85,$24.15,$21.45,$22.43 ,$20.31 ,$18.11 ,,,,,,,,,,,,,,,,,,,,,,,,,,,,,,,,,,,,,,,,,,,,,,,,,,,,,,,,,,,,,,,,,,,,,,,,,,,,,,,,,,,,,,,,,,,,,,,,,,,,,,,,,,,,,,,,,,,,,,,,,,,,,,,,,,,,,,,,,,,,,,,,,,,,,,,,,,,,,,,,,,,,,,,,,,,,,,,,,,,,,,,,,,,,,,,,,,,,,,,,,,,,,,
"10,000 - 14,999",$26.25,$23.33,$20.40,$21.92 ,$19.57 ,$17.23 ,,,,,,,,,,,,,,,,,,,,,,,,,,,,,,,,,,,,,,,,,,,,,,,,,,,,,,,,,,,,,,,,,,,,,,,,,,,,,,,,,,,,,,,,,,,,,,,,,,,,,,,,,,,,,,,,,,,,,,,,,,,,,,,,,,,,,,,,,,,,,,,,,,,,,,,,,,,,,,,,,,,,,,,,,,,,,,,,,,,,,,,,,,,,,,,,,,,,,,,,,,,,,,
"15,000 - 24,999",$25.65,$22.50,$19.35,$21.48 ,$18.84 ,$16.35 ,,,,,,,,,,,,,,,,,,,,,,,,,,,,,,,,,,,,,,,,,,,,,,,,,,,,,,,,,,,,,,,,,,,,,,,,,,,,,,,,,,,,,,,,,,,,,,,,,,,,,,,,,,,,,,,,,,,,,,,,,,,,,,,,,,,,,,,,,,,,,,,,,,,,,,,,,,,,,,,,,,,,,,,,,,,,,,,,,,,,,,,,,,,,,,,,,,,,,,,,,,,,,,
"25,000 - 49,999",$25.20,$21.75,$18.30,$21.04 ,$18.25 ,$15.47 ,,,,,,,,,,,,,,,,,,,,,,,,,,,,,,,,,,,,,,,,,,,,,,,,,,,,,,,,,,,,,,,,,,,,,,,,,,,,,,,,,,,,,,,,,,,,,,,,,,,,,,,,,,,,,,,,,,,,,,,,,,,,,,,,,,,,,,,,,,,,,,,,,,,,,,,,,,,,,,,,,,,,,,,,,,,,,,,,,,,,,,,,,,,,,,,,,,,,,,,,,,,,,,
"50,000+",$24.60,$21.00,$17.40,$20.60 ,$17.67 ,$14.73 ,,,,,,,,,,,,,,,,,,,,,,,,,,,,,,,,,,,,,,,,,,,,,,,,,,,,,,,,,,,,,,,,,,,,,,,,,,,,,,,,,,,,,,,,,,,,,,,,,,,,,,,,,,,,,,,,,,,,,,,,,,,,,,,,,,,,,,,,,,,,,,,,,,,,,,,,,,,,,,,,,,,,,,,,,,,,,,,,,,,,,,,,,,,,,,,,,,,,,,,,,,,,,,
,,,,,,,,,,,,,,,,,,,,,,,,,,,,,,,,,,,,,,,,,,,,,,,,,,,,,,,,,,,,,,,,,,,,,,,,,,,,,,,,,,,,,,,,,,,,,,,,,,,,,,,,,,,,,,,,,,,,,,,,,,,,,,,,,,,,,,,,,,,,,,,,,,,,,,,,,,,,,,,,,,,,,,,,,,,,,,,,,,,,,,,,,,,,,,,,,,,,,,,,,,,,,,,,,,,,
Enterprise DevSecOps ( Enterprise + CSM Enterprise ),,,,,,,,,,,,,,,,,,,,,,,,,,,,,,,,,,,,,,,,,,,,,,,,,,,,,,,,,,,,,,,,,,,,,,,,,,,,,,,,,,,,,,,,,,,,,,,,,,,,,,,,,,,,,,,,,,,,,,,,,,,,,,,,,,,,,,,,,,,,,,,,,,,,,,,,,,,,,,,,,,,,,,,,,,,,,,,,,,,,,,,,,,,,,,,,,,,,,,,,,,,,,,,,,,,,
Enterprise DevSecOps,M2M,M2M/Manager,M2M/Director,Annual,Annual/ Manager,Annual/ Director,On-Demand,,,,,,,,,,,,,,,,,,,,,,,,,,,,,,,,,,,,,,,,,,,,,,,,,,,,,,,,,,,,,,,,,,,,,,,,,,,,,,,,,,,,,,,,,,,,,,,,,,,,,,,,,,,,,,,,,,,,,,,,,,,,,,,,,,,,,,,,,,,,,,,,,,,,,,,,,,,,,,,,,,,,,,,,,,,,,,,,,,,,,,,,,,,,,,,,,,,,,,,,,,,,,
1-499,$41.00 ,$41.00 ,$41.00 ,$34.00 ,$34.00,$34.00,Monthly,,,,,,,,,,,,,,,,,,,,,,,,,,,,,,,,,,,,,,,,,,,,,,,,,,,,,,,,,,,,,,,,,,,,,,,,,,,,,,,,,,,,,,,,,,,,,,,,,,,,,,,,,,,,,,,,,,,,,,,,,,,,,,,,,,,,,,,,,,,,,,,,,,,,,,,,,,,,,,,,,,,,,,,,,,,,,,,,,,,,,,,,,,,,,,,,,,,,,,,,,,,,,
500-999,$41.00 ,$39.79 ,$39.63 ,$34.00 ,$32.82,$32.37,$41.00 ,,,,,,,,,,,,,,,,,,,,,,,,,,,,,,,,,,,,,,,,,,,,,,,,,,,,,,,,,,,,,,,,,,,,,,,,,,,,,,,,,,,,,,,,,,,,,,,,,,,,,,,,,,,,,,,,,,,,,,,,,,,,,,,,,,,,,,,,,,,,,,,,,,,,,,,,,,,,,,,,,,,,,,,,,,,,,,,,,,,,,,,,,,,,,,,,,,,,,,,,,,,,,
"1,000-1,999",$39.94 ,$38.72 ,$38.34 ,$33.11 ,$31.63,$30.75,Hourly,,,,,,,,,,,,,,,,,,,,,,,,,,,,,,,,,,,,,,,,,,,,,,,,,,,,,,,,,,,,,,,,,,,,,,,,,,,,,,,,,,,,,,,,,,,,,,,,,,,,,,,,,,,,,,,,,,,,,,,,,,,,,,,,,,,,,,,,,,,,,,,,,,,,,,,,,,,,,,,,,,,,,,,,,,,,,,,,,,,,,,,,,,,,,,,,,,,,,,,,,,,,,
"2,000-4,999",$39.03 ,$37.66 ,$37.05 ,$32.23 ,$30.60,$29.20,$0.068 ,,,,,,,,,,,,,,,,,,,,,,,,,,,,,,,,,,,,,,,,,,,,,,,,,,,,,,,,,,,,,,,,,,,,,,,,,,,,,,,,,,,,,,,,,,,,,,,,,,,,,,,,,,,,,,,,,,,,,,,,,,,,,,,,,,,,,,,,,,,,,,,,,,,,,,,,,,,,,,,,,,,,,,,,,,,,,,,,,,,,,,,,,,,,,,,,,,,,,,,,,,,,,
"5,000-9,999",$37.96 ,$36.60 ,$35.84 ,$31.34 ,$29.49,$27.79,,,,,,,,,,,,,,,,,,,,,,,,,,,,,,,,,,,,,,,,,,,,,,,,,,,,,,,,,,,,,,,,,,,,,,,,,,,,,,,,,,,,,,,,,,,,,,,,,,,,,,,,,,,,,,,,,,,,,,,,,,,,,,,,,,,,,,,,,,,,,,,,,,,,,,,,,,,,,,,,,,,,,,,,,,,,,,,,,,,,,,,,,,,,,,,,,,,,,,,,,,,,,,
"10,000-14,999",$36.14 ,$34.62 ,$33.48 ,$29.64 ,$27.50,$25.13,,,,,,,,,,,,,,,,,,,,,,,,,,,,,,,,,,,,,,,,,,,,,,,,,,,,,,,,,,,,,,,,,,,,,,,,,,,,,,,,,,,,,,,,,,,,,,,,,,,,,,,,,,,,,,,,,,,,,,,,,,,,,,,,,,,,,,,,,,,,,,,,,,,,,,,,,,,,,,,,,,,,,,,,,,,,,,,,,,,,,,,,,,,,,,,,,,,,,,,,,,,,,,
"15,000 - 24,999",$34.32 ,$32.65 ,$31.28 ,$28.09 ,$25.57,$22.62,,,,,,,,,,,,,,,,,,,,,,,,,,,,,,,,,,,,,,,,,,,,,,,,,,,,,,,,,,,,,,,,,,,,,,,,,,,,,,,,,,,,,,,,,,,,,,,,,,,,,,,,,,,,,,,,,,,,,,,,,,,,,,,,,,,,,,,,,,,,,,,,,,,,,,,,,,,,,,,,,,,,,,,,,,,,,,,,,,,,,,,,,,,,,,,,,,,,,,,,,,,,,,
"25,000 - 49,999",$32.65 ,$30.83 ,$29.31 ,$26.31 ,$23.80,$20.40,,,,,,,,,,,,,,,,,,,,,,,,,,,,,,,,,,,,,,,,,,,,,,,,,,,,,,,,,,,,,,,,,,,,,,,,,,,,,,,,,,,,,,,,,,,,,,,,,,,,,,,,,,,,,,,,,,,,,,,,,,,,,,,,,,,,,,,,,,,,,,,,,,,,,,,,,,,,,,,,,,,,,,,,,,,,,,,,,,,,,,,,,,,,,,,,,,,,,,,,,,,,,,
"50,000 +",$30.98 ,$29.16 ,$27.33 ,$25.13 ,$22.17,$18.48,,,,,,,,,,,,,,,,,,,,,,,,,,,,,,,,,,,,,,,,,,,,,,,,,,,,,,,,,,,,,,,,,,,,,,,,,,,,,,,,,,,,,,,,,,,,,,,,,,,,,,,,,,,,,,,,,,,,,,,,,,,,,,,,,,,,,,,,,,,,,,,,,,,,,,,,,,,,,,,,,,,,,,,,,,,,,,,,,,,,,,,,,,,,,,,,,,,,,,,,,,,,,,
,,,,,,,,,,,,,,,,,,,,,,,,,,,,,,,,,,,,,,,,,,,,,,,,,,,,,,,,,,,,,,,,,,,,,,,,,,,,,,,,,,,,,,,,,,,,,,,,,,,,,,,,,,,,,,,,,,,,,,,,,,,,,,,,,,,,,,,,,,,,,,,,,,,,,,,,,,,,,,,,,,,,,,,,,,,,,,,,,,,,,,,,,,,,,,,,,,,,,,,,,,,,,,,,,,,,
DevSecOps Container,M2M,M2M/Manager,M2M/Director,Annual,Annual/ Manager,Annual/ Director,On-Demand,,,,,,,,,,,,,,,,,,,,,,,,,,,,,,,,,,,,,,,,,,,,,,,,,,,,,,,,,,,,,,,,,,,,,,,,,,,,,,,,,,,,,,,,,,,,,,,,,,,,,,,,,,,,,,,,,,,,,,,,,,,,,,,,,,,,,,,,,,,,,,,,,,,,,,,,,,,,,,,,,,,,,,,,,,,,,,,,,,,,,,,,,,,,,,,,,,,,,,,,,,,,,
1-999,$1.50 ,$1.50 ,$1.50 ,$1.50 ,$1.50 ,$1.50 ,Hourly,,,,,,,,,,,,,,,,,,,,,,,,,,,,,,,,,,,,,,,,,,,,,,,,,,,,,,,,,,,,,,,,,,,,,,,,,,,,,,,,,,,,,,,,,,,,,,,,,,,,,,,,,,,,,,,,,,,,,,,,,,,,,,,,,,,,,,,,,,,,,,,,,,,,,,,,,,,,,,,,,,,,,,,,,,,,,,,,,,,,,,,,,,,,,,,,,,,,,,,,,,,,,
"1,000-2,499",$1.50 ,$1.47 ,$1.43 ,$1.50 ,$1.43,$1.40,$0.003,,,,,,,,,,,,,,,,,,,,,,,,,,,,,,,,,,,,,,,,,,,,,,,,,,,,,,,,,,,,,,,,,,,,,,,,,,,,,,,,,,,,,,,,,,,,,,,,,,,,,,,,,,,,,,,,,,,,,,,,,,,,,,,,,,,,,,,,,,,,,,,,,,,,,,,,,,,,,,,,,,,,,,,,,,,,,,,,,,,,,,,,,,,,,,,,,,,,,,,,,,,,,
"2,500-4,999",$1.43 ,$1.40 ,$1.35 ,$1.35 ,$1.35,$1.31,,,,,,,,,,,,,,,,,,,,,,,,,,,,,,,,,,,,,,,,,,,,,,,,,,,,,,,,,,,,,,,,,,,,,,,,,,,,,,,,,,,,,,,,,,,,,,,,,,,,,,,,,,,,,,,,,,,,,,,,,,,,,,,,,,,,,,,,,,,,,,,,,,,,,,,,,,,,,,,,,,,,,,,,,,,,,,,,,,,,,,,,,,,,,,,,,,,,,,,,,,,,,,
"5,000-9,999",$1.35 ,$1.31 ,$1.28 ,$1.28 ,$1.28,$1.25,,,,,,,,,,,,,,,,,,,,,,,,,,,,,,,,,,,,,,,,,,,,,,,,,,,,,,,,,,,,,,,,,,,,,,,,,,,,,,,,,,,,,,,,,,,,,,,,,,,,,,,,,,,,,,,,,,,,,,,,,,,,,,,,,,,,,,,,,,,,,,,,,,,,,,,,,,,,,,,,,,,,,,,,,,,,,,,,,,,,,,,,,,,,,,,,,,,,,,,,,,,,,,
"10,000-19,999",$1.28 ,$1.25 ,$1.20 ,$1.20 ,$1.20,$1.16,,,,,,,,,,,,,,,,,,,,,,,,,,,,,,,,,,,,,,,,,,,,,,,,,,,,,,,,,,,,,,,,,,,,,,,,,,,,,,,,,,,,,,,,,,,,,,,,,,,,,,,,,,,,,,,,,,,,,,,,,,,,,,,,,,,,,,,,,,,,,,,,,,,,,,,,,,,,,,,,,,,,,,,,,,,,,,,,,,,,,,,,,,,,,,,,,,,,,,,,,,,,,,
"20,000+",$1.20 ,$1.16 ,$1.13 ,$1.13 ,$1.13,$1.10,,,,,,,,,,,,,,,,,,,,,,,,,,,,,,,,,,,,,,,,,,,,,,,,,,,,,,,,,,,,,,,,,,,,,,,,,,,,,,,,,,,,,,,,,,,,,,,,,,,,,,,,,,,,,,,,,,,,,,,,,,,,,,,,,,,,,,,,,,,,,,,,,,,,,,,,,,,,,,,,,,,,,,,,,,,,,,,,,,,,,,,,,,,,,,,,,,,,,,,,,,,,,,
,,,,,,,,,,,,,,,,,,,,,,,,,,,,,,,,,,,,,,,,,,,,,,,,,,,,,,,,,,,,,,,,,,,,,,,,,,,,,,,,,,,,,,,,,,,,,,,,,,,,,,,,,,,,,,,,,,,,,,,,,,,,,,,,,,,,,,,,,,,,,,,,,,,,,,,,,,,,,,,,,,,,,,,,,,,,,,,,,,,,,,,,,,,,,,,,,,,,,,,,,,,,,,,,,,,,
Kubernetes Autoscaling,,,,,,,,,,,,,,,,,,,,,,,,,,,,,,,,,,,,,,,,,,,,,,,,,,,,,,,,,,,,,,,,,,,,,,,,,,,,,,,,,,,,,,,,,,,,,,,,,,,,,,,,,,,,,,,,,,,,,,,,,,,,,,,,,,,,,,,,,,,,,,,,,,,,,,,,,,,,,,,,,,,,,,,,,,,,,,,,,,,,,,,,,,,,,,,,,,,,,,,,,,,,,,,,,,,,
,M2M,M2M/Manager,M2M/Director,Annual,Annual/ Manager,Annual/ Director,On-Demand,,,,,,,,,,,,,,,,,,,,,,,,,,,,,,,,,,,,,,,,,,,,,,,,,,,,,,,,,,,,,,,,,,,,,,,,,,,,,,,,,,,,,,,,,,,,,,,,,,,,,,,,,,,,,,,,,,,,,,,,,,,,,,,,,,,,,,,,,,,,,,,,,,,,,,,,,,,,,,,,,,,,,,,,,,,,,,,,,,,,,,,,,,,,,,,,,,,,,,,,,,,,,
0-99,$3.60,$3.60,$3.60,$3.00,$3.00,$3.00,Monthly,,,,,,,,,,,,,,,,,,,,,,,,,,,,,,,,,,,,,,,,,,,,,,,,,,,,,,,,,,,,,,,,,,,,,,,,,,,,,,,,,,,,,,,,,,,,,,,,,,,,,,,,,,,,,,,,,,,,,,,,,,,,,,,,,,,,,,,,,,,,,,,,,,,,,,,,,,,,,,,,,,,,,,,,,,,,,,,,,,,,,,,,,,,,,,,,,,,,,,,,,,,,,
100-499,$3.60,$2.85,$2.73,$3.00,$2.38,$2.27,$4.32,,,,,,,,,,,,,,,,,,,,,,,,,,,,,,,,,,,,,,,,,,,,,,,,,,,,,,,,,,,,,,,,,,,,,,,,,,,,,,,,,,,,,,,,,,,,,,,,,,,,,,,,,,,,,,,,,,,,,,,,,,,,,,,,,,,,,,,,,,,,,,,,,,,,,,,,,,,,,,,,,,,,,,,,,,,,,,,,,,,,,,,,,,,,,,,,,,,,,,,,,,,,,
500-999,$2.82,$2.26,$2.07,$2.35,$1.88,$1.72,Hourly,,,,,,,,,,,,,,,,,,,,,,,,,,,,,,,,,,,,,,,,,,,,,,,,,,,,,,,,,,,,,,,,,,,,,,,,,,,,,,,,,,,,,,,,,,,,,,,,,,,,,,,,,,,,,,,,,,,,,,,,,,,,,,,,,,,,,,,,,,,,,,,,,,,,,,,,,,,,,,,,,,,,,,,,,,,,,,,,,,,,,,,,,,,,,,,,,,,,,,,,,,,,,
1000-4999,$2.20,$1.79,$1.57,$1.84,$1.49,$1.31,$0.007,,,,,,,,,,,,,,,,,,,,,,,,,,,,,,,,,,,,,,,,,,,,,,,,,,,,,,,,,,,,,,,,,,,,,,,,,,,,,,,,,,,,,,,,,,,,,,,,,,,,,,,,,,,,,,,,,,,,,,,,,,,,,,,,,,,,,,,,,,,,,,,,,,,,,,,,,,,,,,,,,,,,,,,,,,,,,,,,,,,,,,,,,,,,,,,,,,,,,,,,,,,,,
5000-9999,$1.73,$1.42,$1.19,$1.44,$1.18,$0.99,,,,,,,,,,,,,,,,,,,,,,,,,,,,,,,,,,,,,,,,,,,,,,,,,,,,,,,,,,,,,,,,,,,,,,,,,,,,,,,,,,,,,,,,,,,,,,,,,,,,,,,,,,,,,,,,,,,,,,,,,,,,,,,,,,,,,,,,,,,,,,,,,,,,,,,,,,,,,,,,,,,,,,,,,,,,,,,,,,,,,,,,,,,,,,,,,,,,,,,,,,,,,,
10000+,$1.35,$1.13,$0.90,$1.13,$0.94,$0.75,,,,,,,,,,,,,,,,,,,,,,,,,,,,,,,,,,,,,,,,,,,,,,,,,,,,,,,,,,,,,,,,,,,,,,,,,,,,,,,,,,,,,,,,,,,,,,,,,,,,,,,,,,,,,,,,,,,,,,,,,,,,,,,,,,,,,,,,,,,,,,,,,,,,,,,,,,,,,,,,,,,,,,,,,,,,,,,,,,,,,,,,,,,,,,,,,,,,,,,,,,,,,,
,,,,,,,,,,,,,,,,,,,,,,,,,,,,,,,,,,,,,,,,,,,,,,,,,,,,,,,,,,,,,,,,,,,,,,,,,,,,,,,,,,,,,,,,,,,,,,,,,,,,,,,,,,,,,,,,,,,,,,,,,,,,,,,,,,,,,,,,,,,,,,,,,,,,,,,,,,,,,,,,,,,,,,,,,,,,,,,,,,,,,,,,,,,,,,,,,,,,,,,,,,,,,,,,,,,,
Network Path,,,,,,,,,,,,,,,,,,,,,,,,,,,,,,,,,,,,,,,,,,,,,,,,,,,,,,,,,,,,,,,,,,,,,,,,,,,,,,,,,,,,,,,,,,,,,,,,,,,,,,,,,,,,,,,,,,,,,,,,,,,,,,,,,,,,,,,,,,,,,,,,,,,,,,,,,,,,,,,,,,,,,,,,,,,,,,,,,,,,,,,,,,,,,,,,,,,,,,,,,,,,,,,,,,,,
(Bundle of 1k),M2M,M2M/Manager,M2M/Director,Annual,Annual/ Manager,Annual/ Director,On-Demand,,,,,,,,,,,,,,,,,,,,,,,,,,,,,,,,,,,,,,,,,,,,,,,,,,,,,,,,,,,,,,,,,,,,,,,,,,,,,,,,,,,,,,,,,,,,,,,,,,,,,,,,,,,,,,,,,,,,,,,,,,,,,,,,,,,,,,,,,,,,,,,,,,,,,,,,,,,,,,,,,,,,,,,,,,,,,,,,,,,,,,,,,,,,,,,,,,,,,,,,,,,,,
1k-149K,$6.00 ,$6.00 ,$6.00 ,$5.00 ,$5.00 ,$5.00 ,Monthly,,,,,,,,,,,,,,,,,,,,,,,,,,,,,,,,,,,,,,,,,,,,,,,,,,,,,,,,,,,,,,,,,,,,,,,,,,,,,,,,,,,,,,,,,,,,,,,,,,,,,,,,,,,,,,,,,,,,,,,,,,,,,,,,,,,,,,,,,,,,,,,,,,,,,,,,,,,,,,,,,,,,,,,,,,,,,,,,,,,,,,,,,,,,,,,,,,,,,,,,,,,,,
150K - 499K,$6.00 ,$5.44 ,$5.31 ,$5.00 ,$4.54 ,$4.43 ,$7.20,,,,,,,,,,,,,,,,,,,,,,,,,,,,,,,,,,,,,,,,,,,,,,,,,,,,,,,,,,,,,,,,,,,,,,,,,,,,,,,,,,,,,,,,,,,,,,,,,,,,,,,,,,,,,,,,,,,,,,,,,,,,,,,,,,,,,,,,,,,,,,,,,,,,,,,,,,,,,,,,,,,,,,,,,,,,,,,,,,,,,,,,,,,,,,,,,,,,,,,,,,,,,
500K - 999K,$5.50 ,$4.94 ,$4.70 ,$4.59 ,$4.12 ,$3.92 ,Hourly,,,,,,,,,,,,,,,,,,,,,,,,,,,,,,,,,,,,,,,,,,,,,,,,,,,,,,,,,,,,,,,,,,,,,,,,,,,,,,,,,,,,,,,,,,,,,,,,,,,,,,,,,,,,,,,,,,,,,,,,,,,,,,,,,,,,,,,,,,,,,,,,,,,,,,,,,,,,,,,,,,,,,,,,,,,,,,,,,,,,,,,,,,,,,,,,,,,,,,,,,,,,,
1M - 1.999M,$5.05 ,$4.48 ,$4.16 ,$4.20 ,$3.73 ,$3.47 ,NA,,,,,,,,,,,,,,,,,,,,,,,,,,,,,,,,,,,,,,,,,,,,,,,,,,,,,,,,,,,,,,,,,,,,,,,,,,,,,,,,,,,,,,,,,,,,,,,,,,,,,,,,,,,,,,,,,,,,,,,,,,,,,,,,,,,,,,,,,,,,,,,,,,,,,,,,,,,,,,,,,,,,,,,,,,,,,,,,,,,,,,,,,,,,,,,,,,,,,,,,,,,,,
2M - 3.999M,$4.63 ,$4.07 ,$3.68 ,$3.86 ,$3.39 ,$3.07 ,,,,,,,,,,,,,,,,,,,,,,,,,,,,,,,,,,,,,,,,,,,,,,,,,,,,,,,,,,,,,,,,,,,,,,,,,,,,,,,,,,,,,,,,,,,,,,,,,,,,,,,,,,,,,,,,,,,,,,,,,,,,,,,,,,,,,,,,,,,,,,,,,,,,,,,,,,,,,,,,,,,,,,,,,,,,,,,,,,,,,,,,,,,,,,,,,,,,,,,,,,,,,,
4M - 6.999M,$4.24 ,$3.69 ,$3.26 ,$3.54 ,$3.07 ,$2.72 ,,,,,,,,,,,,,,,,,,,,,,,,,,,,,,,,,,,,,,,,,,,,,,,,,,,,,,,,,,,,,,,,,,,,,,,,,,,,,,,,,,,,,,,,,,,,,,,,,,,,,,,,,,,,,,,,,,,,,,,,,,,,,,,,,,,,,,,,,,,,,,,,,,,,,,,,,,,,,,,,,,,,,,,,,,,,,,,,,,,,,,,,,,,,,,,,,,,,,,,,,,,,,,
7M - 9.999M,$3.89 ,$3.35 ,$2.88 ,$3.24 ,$2.79 ,$2.40 ,,,,,,,,,,,,,,,,,,,,,,,,,,,,,,,,,,,,,,,,,,,,,,,,,,,,,,,,,,,,,,,,,,,,,,,,,,,,,,,,,,,,,,,,,,,,,,,,,,,,,,,,,,,,,,,,,,,,,,,,,,,,,,,,,,,,,,,,,,,,,,,,,,,,,,,,,,,,,,,,,,,,,,,,,,,,,,,,,,,,,,,,,,,,,,,,,,,,,,,,,,,,,,
10M - 14.999M,$3.57 ,$3.04 ,$2.55 ,$2.97 ,$2.53 ,$2.13 ,,,,,,,,,,,,,,,,,,,,,,,,,,,,,,,,,,,,,,,,,,,,,,,,,,,,,,,,,,,,,,,,,,,,,,,,,,,,,,,,,,,,,,,,,,,,,,,,,,,,,,,,,,,,,,,,,,,,,,,,,,,,,,,,,,,,,,,,,,,,,,,,,,,,,,,,,,,,,,,,,,,,,,,,,,,,,,,,,,,,,,,,,,,,,,,,,,,,,,,,,,,,,,
15M - 24.999M,$3.27 ,$2.76 ,$2.26 ,$2.73 ,$2.30 ,$1.88 ,,,,,,,,,,,,,,,,,,,,,,,,,,,,,,,,,,,,,,,,,,,,,,,,,,,,,,,,,,,,,,,,,,,,,,,,,,,,,,,,,,,,,,,,,,,,,,,,,,,,,,,,,,,,,,,,,,,,,,,,,,,,,,,,,,,,,,,,,,,,,,,,,,,,,,,,,,,,,,,,,,,,,,,,,,,,,,,,,,,,,,,,,,,,,,,,,,,,,,,,,,,,,,
25M+,$3.00 ,$2.50 ,$2.00 ,$2.50 ,$2.08 ,$1.67 ,,,,,,,,,,,,,,,,,,,,,,,,,,,,,,,,,,,,,,,,,,,,,,,,,,,,,,,,,,,,,,,,,,,,,,,,,,,,,,,,,,,,,,,,,,,,,,,,,,,,,,,,,,,,,,,,,,,,,,,,,,,,,,,,,,,,,,,,,,,,,,,,,,,,,,,,,,,,,,,,,,,,,,,,,,,,,,,,,,,,,,,,,,,,,,,,,,,,,,,,,,,,,,